"Дата","Цена","Откр.","Макс.","Мин.","Изм. %"
"30.04.2019","64,6373","64,4728","64,8585","64,3364","0,26%"
"29.04.2019","64,4728","64,7334","64,7545","64,4138","-0,40%"
"26.04.2019","64,7334","64,6565","64,8678","64,5910","0,12%"
"25.04.2019","64,6565","64,3406","64,9696","64,3225","0,49%"
"24.04.2019","64,3406","63,6853","64,4923","63,6853","1,03%"
"23.04.2019","63,6853","63,8083","63,8839","63,6600","-0,19%"
"22.04.2019","63,8083","64,0515","64,0515","63,7479","-0,38%"
"19.04.2019","64,0515","63,8939","64,0749","63,8925","0,25%"
"18.04.2019","63,8939","63,8584","64,1490","63,8453","0,06%"
"17.04.2019","63,8584","64,1045","64,1045","63,8009","-0,38%"
"16.04.2019","64,1045","64,2670","64,4387","64,0820","-0,25%"
"15.04.2019","64,2670","64,3497","64,3793","64,1838","-0,13%"
"12.04.2019","64,3497","64,6097","64,6273","64,1372","-0,40%"
"11.04.2019","64,6097","64,3223","64,7026","64,2925","0,45%"
"10.04.2019","64,3223","64,9032","64,9200","64,2182","-0,90%"
"09.04.2019","64,9032","64,8788","64,9440","64,6446","0,04%"
"08.04.2019","64,8788","65,3465","65,4474","64,8175","-0,72%"
"05.04.2019","65,3465","65,4796","65,4796","65,1690","-0,20%"
"04.04.2019","65,4796","65,2355","65,6046","65,1942","0,37%"
"03.04.2019","65,2355","65,2990","65,4300","65,0493","-0,10%"
"02.04.2019","65,2990","65,1784","65,5466","65,1725","0,19%"
"01.04.2019","65,1784","65,6340","65,7027","65,1553","-0,69%"
"29.03.2019","65,6340","64,9382","65,7408","64,6030","1,07%"
"28.03.2019","64,9382","64,8291","65,2826","64,7134","0,17%"
"27.03.2019","64,8291","64,3919","64,9777","64,3919","0,68%"
"26.03.2019","64,3919","64,0807","64,4668","64,0475","0,49%"
"25.03.2019","64,0807","64,6616","64,6616","63,9326","-0,90%"
"22.03.2019","64,6616","63,8684","64,8218","63,7138","1,24%"
"21.03.2019","63,8684","63,8577","63,9472","63,6476","0,02%"
"20.03.2019","63,8577","64,3800","64,3900","63,6733","-0,81%"
"19.03.2019","64,3800","64,3651","64,5715","64,1864","0,02%"
"18.03.2019","64,3651","64,8075","64,8150","64,1468","-0,68%"
"15.03.2019","64,8075","65,5140","65,5140","64,8038","-1,08%"
"14.03.2019","65,5140","65,3932","65,5892","65,3209","0,18%"
"13.03.2019","65,3932","65,6236","65,6249","65,3310","-0,35%"
"12.03.2019","65,6236","65,9751","65,9751","65,5500","-0,53%"
"11.03.2019","65,9751","66,2827","66,2839","65,9357","-0,46%"
"07.03.2019","66,2827","65,9751","66,3013","65,8593","0,47%"
"06.03.2019","65,9751","65,7624","66,0230","65,7615","0,32%"
"05.03.2019","65,7624","65,7387","65,8428","65,7061","0,04%"
"04.03.2019","65,7387","65,9365","65,9400","65,6453","-0,30%"
"01.03.2019","65,9365","65,9151","65,9405","65,6324","0,03%"
"28.02.2019","65,9151","65,7901","65,9372","65,6941","0,19%"
"27.02.2019","65,7901","65,6999","66,0094","65,6765","0,14%"
"26.02.2019","65,6999","65,4950","65,9303","65,4900","0,31%"
"25.02.2019","65,4950","65,3869","65,6313","65,1670","0,17%"
"22.02.2019","65,3869","65,5739","65,6532","65,3103","-0,29%"
"21.02.2019","65,5739","65,6328","65,6997","65,3759","-0,09%"
"20.02.2019","65,6328","65,7666","65,9288","65,4721","-0,20%"
"19.02.2019","65,7666","66,2745","66,3053","65,7434","-0,77%"
"18.02.2019","66,2745","66,3093","66,3477","66,0955","-0,05%"
"15.02.2019","66,3093","66,6512","66,7703","66,3000","-0,51%"
"14.02.2019","66,6512","66,5134","67,1574","66,2940","0,21%"
"13.02.2019","66,5134","65,8784","66,5180","65,6300","0,96%"
"12.02.2019","65,8784","65,8422","66,1676","65,5135","0,05%"
"11.02.2019","65,8422","65,7932","65,8977","65,5384","0,07%"
"08.02.2019","65,7932","65,9173","66,1046","65,6595","-0,19%"
"07.02.2019","65,9173","65,8698","66,1485","65,8664","0,07%"
"06.02.2019","65,8698","65,6228","65,9197","65,6183","0,38%"
"05.02.2019","65,6228","65,5888","65,6437","65,4259","0,05%"
"04.02.2019","65,5888","65,5049","65,7227","65,4977","0,13%"
"01.02.2019","65,5049","65,4103","65,7350","65,3283","0,14%"
"31.01.2019","65,4103","65,5051","65,6908","65,1714","-0,14%"
"30.01.2019","65,5051","66,0576","66,1681","65,4006","-0,84%"
"29.01.2019","66,0576","66,2640","66,4036","65,9806","-0,31%"
"28.01.2019","66,2640","65,9938","66,3480","65,8231","0,41%"
"25.01.2019","65,9938","65,7634","66,2490","65,7135","0,35%"
"24.01.2019","65,7634","66,0805","66,1021","65,6893","-0,48%"
"23.01.2019","66,0805","66,5341","66,5350","66,0363","-0,68%"
"22.01.2019","66,5341","66,3882","66,6058","66,3882","0,22%"
"21.01.2019","66,3882","66,2722","66,4720","66,2395","0,18%"
"18.01.2019","66,2722","66,3653","66,4940","66,1345","-0,14%"
"17.01.2019","66,3653","66,3720","66,6756","66,2694","-0,01%"
"16.01.2019","66,3720","66,9595","66,9795","66,2599","-0,88%"
"15.01.2019","66,9595","67,0783","67,1428","66,8900","-0,18%"
"14.01.2019","67,0783","66,8938","67,2961","66,8750","0,28%"
"11.01.2019","66,8938","66,9102","67,1493","66,8031","-0,02%"
"10.01.2019","66,9102","66,7328","67,3379","66,7328","0,27%"
"09.01.2019","66,7328","66,9003","67,2288","66,6903","-0,25%"
"08.01.2019","66,9003","67,7368","67,7508","66,7431","-1,23%"
"04.01.2019","67,7368","68,6577","68,6800","67,5281","-1,34%"
"03.01.2019","68,6577","69,8319","69,8324","68,5330","-1,68%"
"29.12.2018","69,8319","69,5012","69,9427","69,4057","0,48%"
"28.12.2018","69,5012","69,5675","69,7009","69,2498","-0,10%"
"27.12.2018","69,5675","68,6993","69,7500","68,5650","1,26%"
"26.12.2018","68,6993","68,6627","69,4638","68,6612","0,05%"
"25.12.2018","68,6627","68,5829","68,9596","68,4193","0,12%"
"24.12.2018","68,5829","68,8671","68,8671","68,2091","-0,41%"
"21.12.2018","68,8671","68,3253","69,1230","67,8681","0,79%"
"20.12.2018","68,3253","67,4674","68,6561","67,2525","1,27%"
"19.12.2018","67,4674","67,2727","67,7793","66,9916","0,29%"
"18.12.2018","67,2727","66,7793","67,3290","66,6202","0,74%"
"17.12.2018","66,7793","66,7450","66,7990","66,4451","0,05%"
"14.12.2018","66,7450","66,2312","66,8029","66,2312","0,78%"
"13.12.2018","66,2312","66,3996","66,4812","66,1478","-0,25%"
"12.12.2018","66,3996","66,3795","66,5220","66,1418","0,03%"
"11.12.2018","66,3795","66,6529","66,6529","66,2264","-0,41%"
"10.12.2018","66,6529","66,4006","66,7000","66,1604","0,38%"
"07.12.2018","66,4006","66,8741","67,0439","66,0030","-0,71%"
"06.12.2018","66,8741","66,5669","67,1993","66,5669","0,46%"
"05.12.2018","66,5669","66,8401","66,8793","66,4720","-0,41%"
"04.12.2018","66,8401","66,5095","66,8968","66,2105","0,50%"
"03.12.2018","66,5095","66,9510","66,9510","66,1504","-0,66%"
"30.11.2018","66,9510","66,2124","67,1775","66,2102","1,12%"
"29.11.2018","66,2124","66,9647","66,9647","65,9741","-1,12%"
"28.11.2018","66,9647","67,0611","67,5109","66,7872","-0,14%"
"27.11.2018","67,0611","67,0954","67,3730","66,4930","-0,05%"
"26.11.2018","67,0954","66,1953","67,3258","66,1923","1,36%"
"23.11.2018","66,1953","65,6232","66,4155","65,5718","0,87%"
"22.11.2018","65,6232","65,6668","65,7475","65,4319","-0,07%"
"21.11.2018","65,6668","66,1682","66,1682","65,5329","-0,76%"
"20.11.2018","66,1682","65,5405","66,2400","65,5233","0,96%"
"19.11.2018","65,5405","65,9801","66,0983","65,4958","-0,67%"
"16.11.2018","65,9801","65,8920","66,1913","65,6848","0,13%"
"15.11.2018","65,8920","67,0379","67,0379","65,8694","-1,71%"
"14.11.2018","67,0379","68,1147","68,2775","67,0164","-1,58%"
"13.11.2018","68,1147","67,8460","68,1584","67,5515","0,40%"
"12.11.2018","67,8460","68,1088","68,1171","67,3636","-0,39%"
"09.11.2018","68,1088","66,9029","68,1675","66,7741","1,80%"
"08.11.2018","66,9029","66,3182","66,9499","66,1356","0,88%"
"07.11.2018","66,3182","66,1311","66,3197","65,8372","0,28%"
"06.11.2018","66,1311","66,2021","66,2027","65,7600","-0,11%"
"02.11.2018","66,2021","65,7256","66,2805","65,5291","0,72%"
"01.11.2018","65,7256","65,8789","65,8789","65,5690","-0,23%"
"31.10.2018","65,8789","65,5526","65,8875","65,5338","0,50%"
"30.10.2018","65,5526","65,8499","65,8500","65,5168","-0,45%"
"29.10.2018","65,8499","65,7188","65,9376","65,4805","0,20%"
"26.10.2018","65,7188","65,5962","65,9279","65,5294","0,19%"
"25.10.2018","65,5962","65,6765","65,8773","65,4478","-0,12%"
"24.10.2018","65,6765","65,5107","65,7761","65,0140","0,25%"
"23.10.2018","65,5107","65,2420","65,7062","65,2342","0,41%"
"22.10.2018","65,2420","65,4911","65,5205","65,0091","-0,38%"
"19.10.2018","65,4911","65,8044","65,9109","65,3512","-0,48%"
"18.10.2018","65,8044","65,4946","65,8900","65,4671","0,47%"
"17.10.2018","65,4946","65,3067","65,6706","65,2837","0,29%"
"16.10.2018","65,3067","65,6526","65,6526","65,2490","-0,53%"
"15.10.2018","65,6526","66,1173","66,1222","65,3141","-0,70%"
"12.10.2018","66,1173","66,2668","66,4134","65,8928","-0,23%"
"11.10.2018","66,2668","66,8935","66,9627","66,0428","-0,94%"
"10.10.2018","66,8935","66,2607","66,9000","66,0463","0,96%"
"09.10.2018","66,2607","66,5707","66,8379","66,1608","-0,47%"
"08.10.2018","66,5707","66,5795","67,0719","66,5515","-0,01%"
"05.10.2018","66,5795","67,0142","67,0175","66,4155","-0,65%"
"04.10.2018","67,0142","65,8700","67,0410","65,8625","1,74%"
"03.10.2018","65,8700","65,5030","65,8844","65,3556","0,56%"
"02.10.2018","65,5030","64,9848","65,6017","64,9848","0,80%"
"01.10.2018","64,9848","65,5503","65,7077","64,8566","-0,86%"
"28.09.2018","65,5503","65,6158","65,9081","65,4028","-0,10%"
"27.09.2018","65,6158","65,8054","65,9168","65,2283","-0,29%"
"26.09.2018","65,8054","65,8789","66,0895","65,6853","-0,11%"
"25.09.2018","65,8789","65,8465","65,9896","65,5373","0,05%"
"24.09.2018","65,8465","66,4138","66,4138","65,6945","-0,85%"
"21.09.2018","66,4138","66,2735","66,7966","66,1328","0,21%"
"20.09.2018","66,2735","66,8168","66,8300","66,2108","-0,81%"
"19.09.2018","66,8168","67,3648","67,3725","66,6969","-0,81%"
"18.09.2018","67,3648","68,0636","68,0641","67,3173","-1,03%"
"17.09.2018","68,0636","68,0749","68,3598","67,9392","-0,02%"
"14.09.2018","68,0749","68,2455","68,5235","67,4785","-0,25%"
"13.09.2018","68,2455","69,0146","69,0325","67,9675","-1,11%"
"12.09.2018","69,0146","69,4245","69,7926","68,6745","-0,59%"
"11.09.2018","69,4245","70,5613","70,5650","69,4095","-1,61%"
"10.09.2018","70,5613","69,9025","70,5896","69,7231","0,94%"
"07.09.2018","69,9025","69,2575","69,9393","68,8423","0,93%"
"06.09.2018","69,2575","68,2578","69,6144","68,1881","1,46%"
"05.09.2018","68,2578","68,1158","68,5643","68,1100","0,21%"
"04.09.2018","68,1158","68,1184","68,4754","67,9946","-0,00%"
"03.09.2018","68,1184","67,5458","68,1643","67,5458","0,85%"
"31.08.2018","67,5458","68,2441","68,2441","67,3269","-1,02%"
"30.08.2018","68,2441","67,9422","68,3897","67,7915","0,44%"
"29.08.2018","67,9422","67,8700","68,3828","67,7224","0,11%"
"28.08.2018","67,8700","67,5231","67,9103","67,2532","0,51%"
"27.08.2018","67,5231","67,0894","67,6596","66,9968","0,65%"
"24.08.2018","67,0894","68,1905","68,1908","67,0726","-1,61%"
"23.08.2018","68,1905","68,0280","69,0008","67,4503","0,24%"
"22.08.2018","68,0280","67,2698","68,4353","67,2698","1,13%"
"21.08.2018","67,2698","67,1083","67,6008","66,8678","0,24%"
"20.08.2018","67,1083","67,0448","67,3410","67,0048","0,09%"
"17.08.2018","67,0448","66,8308","67,6099","66,7932","0,32%"
"16.08.2018","66,8308","67,2998","67,2998","66,6444","-0,70%"
"15.08.2018","67,2998","66,3370","67,7464","66,2512","1,45%"
"14.08.2018","66,3370","67,8125","67,8125","66,3200","-2,18%"
"13.08.2018","67,8125","67,7061","68,4780","67,4643","0,16%"
"10.08.2018","67,7061","66,6899","67,8935","66,5523","1,52%"
"09.08.2018","66,6899","65,5490","66,6943","65,5476","1,74%"
"08.08.2018","65,5490","63,5012","65,5790","63,4547","3,22%"
"07.08.2018","63,5012","63,7398","63,7403","63,3875","-0,37%"
"06.08.2018","63,7398","63,3389","63,7844","63,3375","0,63%"
"03.08.2018","63,3389","63,3833","63,5319","63,1607","-0,07%"
"02.08.2018","63,3833","63,0369","63,5458","63,0369","0,55%"
"01.08.2018","63,0369","62,5078","63,0715","62,4910","0,85%"
"31.07.2018","62,5078","62,2518","62,5875","62,2298","0,41%"
"30.07.2018","62,2518","62,7967","62,8732","62,1998","-0,87%"
"27.07.2018","62,7967","62,9533","63,0418","62,6598","-0,25%"
"26.07.2018","62,9533","62,8188","63,0913","62,8181","0,21%"
"25.07.2018","62,8188","63,3094","63,3250","62,8188","-0,77%"
"24.07.2018","63,3094","63,0689","63,4928","62,6703","0,38%"
"23.07.2018","63,0689","63,5093","63,5151","62,9781","-0,69%"
"20.07.2018","63,5093","63,6649","63,6649","63,3107","-0,24%"
"19.07.2018","63,6649","62,9669","63,7818","62,9625","1,11%"
"18.07.2018","62,9669","62,5927","63,2362","62,5927","0,60%"
"17.07.2018","62,5927","62,3227","62,5939","62,3227","0,43%"
"16.07.2018","62,3227","62,5553","62,5600","62,1071","-0,37%"
"13.07.2018","62,5553","62,2673","62,7571","62,0762","0,46%"
"12.07.2018","62,2673","62,3559","62,3593","61,9428","-0,14%"
"11.07.2018","62,3559","61,7370","62,4478","61,6538","1,00%"
"10.07.2018","61,7370","62,4951","62,6369","61,6555","-1,21%"
"09.07.2018","62,4951","62,9677","62,9725","62,4225","-0,75%"
"06.07.2018","62,9677","63,1154","63,2524","62,9166","-0,23%"
"05.07.2018","63,1154","63,2333","63,3547","62,9410","-0,19%"
"04.07.2018","63,2333","63,1266","63,3359","63,0745","0,17%"
"03.07.2018","63,1266","63,4293","63,4318","63,0948","-0,48%"
"02.07.2018","63,4293","62,7338","63,5925","62,7338","1,11%"
"29.06.2018","62,7338","62,8012","62,8704","62,5818","-0,11%"
"28.06.2018","62,8012","63,2109","63,4490","62,8007","-0,65%"
"27.06.2018","63,2109","63,0303","63,3813","62,8725","0,29%"
"26.06.2018","63,0303","62,7825","63,3300","62,7314","0,39%"
"25.06.2018","62,7825","62,8773","63,1792","62,6390","-0,15%"
"22.06.2018","62,8773","63,7063","63,7150","62,8093","-1,30%"
"21.06.2018","63,7063","63,6888","63,9063","63,4867","0,03%"
"20.06.2018","63,6888","63,8736","63,8756","63,4157","-0,29%"
"19.06.2018","63,8736","63,4583","64,1873","63,4525","0,65%"
"18.06.2018","63,4583","63,1880","63,7822","63,1880","0,43%"
"15.06.2018","63,1880","62,6085","63,3124","62,4865","0,93%"
"14.06.2018","62,6085","62,5049","62,6437","61,9753","0,17%"
"13.06.2018","62,5049","62,8155","63,2129","62,3066","-0,49%"
"11.06.2018","62,8155","62,5143","62,9075","62,0961","0,48%"
"09.06.2018","62,5143","62,3193","62,5945","62,2495","0,31%"
"08.06.2018","62,3193","62,4179","62,9200","62,2482","-0,16%"
"07.06.2018","62,4179","61,7848","62,6340","61,7060","1,02%"
"06.06.2018","61,7848","62,1456","62,1606","61,7787","-0,58%"
"05.06.2018","62,1456","62,0607","62,4400","61,8909","0,14%"
"04.06.2018","62,0607","62,2012","62,2012","61,8242","-0,23%"
"01.06.2018","62,2012","62,4030","62,4030","61,9713","-0,32%"
"31.05.2018","62,4030","62,0777","62,5454","61,9462","0,52%"
"30.05.2018","62,0777","62,8181","62,8181","62,0012","-1,18%"
"29.05.2018","62,8181","62,2991","62,9077","62,2991","0,83%"
"28.05.2018","62,2991","62,2765","62,4880","62,1213","0,04%"
"25.05.2018","62,2765","61,6104","62,3334","61,5382","1,08%"
"24.05.2018","61,6104","61,3504","61,6700","61,2974","0,42%"
"23.05.2018","61,3504","61,2143","61,8125","61,2100","0,22%"
"22.05.2018","61,2143","61,6018","61,6183","60,9633","-0,63%"
"21.05.2018","61,6018","62,2670","62,6850","61,5269","-1,08%"
"18.05.2018","62,2749","62,1747","62,6790","61,8478","0,16%"
"17.05.2018","62,1747","61,7229","62,2200","61,7229","0,73%"
"16.05.2018","61,7229","62,3277","62,6263","61,6287","-0,97%"
"15.05.2018","62,3277","61,8468","62,7500","61,7968","0,78%"
"14.05.2018","61,8468","61,9193","61,9193","61,5616","-0,12%"
"11.05.2018","61,9193","61,7100","62,0341","61,4434","0,34%"
"10.05.2018","61,7100","63,2083","63,2250","61,5930","-2,37%"
"08.05.2018","63,2083","62,9264","63,6426","62,8283","0,45%"
"07.05.2018","62,9264","62,5452","63,0016","62,5046","0,61%"
"04.05.2018","62,5452","63,0305","63,4719","62,3503","-0,77%"
"03.05.2018","63,0305","64,0141","64,0200","62,8649","-1,54%"
"02.05.2018","64,0141","62,9408","64,1935","62,9225","1,71%"
"30.04.2018","62,9408","62,2628","63,1508","62,2402","1,09%"
"28.04.2018","62,2628","62,7207","62,8341","61,8782","0,19%"
"27.04.2018","62,1468","62,7207","62,8341","61,8782","-0,92%"
"26.04.2018","62,7207","62,4365","62,9850","62,2430","0,46%"
"25.04.2018","62,4365","61,6169","62,4859","61,6169","1,33%"
"24.04.2018","61,6169","61,8073","61,8078","61,3581","-0,31%"
"23.04.2018","61,8073","61,3989","62,1767","61,3226","0,67%"
"20.04.2018","61,3989","60,8735","61,5818","60,8735","0,86%"
"19.04.2018","60,8735","60,8345","61,1924","60,6102","0,06%"
"18.04.2018","60,8345","61,5287","61,8576","60,7676","-1,13%"
"17.04.2018","61,5287","61,1455","62,0177","60,8590","0,63%"
"16.04.2018","61,1455","62,0141","62,4793","60,9900","-1,40%"
"13.04.2018","62,0141","62,0033","62,2594","61,2551","0,02%"
"12.04.2018","62,0033","62,5825","62,8793","61,2750","-0,93%"
"11.04.2018","62,5825","63,0382","65,0144","62,1459","-0,72%"
"10.04.2018","63,0382","60,6508","63,8925","60,3127","3,94%"
"09.04.2018","60,6508","58,1605","60,6525","58,1605","4,28%"
"06.04.2018","58,1605","57,7010","58,1675","57,7010","0,80%"
"05.04.2018","57,7010","57,4433","57,7699","57,4433","0,45%"
"04.04.2018","57,4433","57,5754","57,9026","57,4249","-0,23%"
"03.04.2018","57,5754","57,4961","57,6986","57,4579","0,14%"
"02.04.2018","57,4961","57,1444","57,6362","57,1444","0,62%"
"30.03.2018","57,1444","57,2599","57,4732","57,0325","-0,20%"
"29.03.2018","57,2599","57,7175","57,8273","57,2521","-0,79%"
"28.03.2018","57,7175","57,5140","57,8820","57,4770","0,35%"
"27.03.2018","57,5140","57,1677","57,5295","57,0975","0,61%"
"26.03.2018","57,1677","57,2738","57,4992","56,8285","-0,19%"
"23.03.2018","57,2738","57,2432","57,3313","56,9892","0,05%"
"22.03.2018","57,2432","56,8775","57,2729","56,7460","0,64%"
"21.03.2018","56,8775","57,5115","57,6017","56,8554","-1,10%"
"20.03.2018","57,5115","57,8321","57,8878","57,4233","-0,55%"
"19.03.2018","57,8321","57,4925","58,0234","57,4665","0,59%"
"16.03.2018","57,4925","57,4571","57,8008","57,3934","0,06%"
"15.03.2018","57,4571","57,1378","57,5252","56,9398","0,56%"
"14.03.2018","57,1378","57,0321","57,2934","56,7719","0,19%"
"13.03.2018","57,0321","56,8865","57,1216","56,6522","0,26%"
"12.03.2018","56,8865","56,6574","56,9860","56,4977","0,40%"
"09.03.2018","56,6574","56,8026","57,0952","56,5997","-0,26%"
"07.03.2018","56,8026","56,6653","57,0530","56,6653","0,24%"
"06.03.2018","56,6653","56,4175","56,7557","56,2690","0,44%"
"05.03.2018","56,4175","56,8092","57,2832","56,4175","-0,69%"
"02.03.2018","56,8092","56,8218","57,3715","56,5786","-0,02%"
"01.03.2018","56,8218","56,3291","57,0454","56,3291","0,87%"
"28.02.2018","56,3291","56,2801","56,4651","56,0549","0,09%"
"27.02.2018","56,2801","55,7134","56,3423","55,5655","1,02%"
"26.02.2018","55,7134","56,5174","56,5175","55,7120","-1,42%"
"22.02.2018","56,5174","56,7495","56,8517","56,4893","-0,41%"
"21.02.2018","56,7495","56,5621","56,7690","56,4645","0,33%"
"20.02.2018","56,5621","56,4710","56,7657","56,4027","0,16%"
"19.02.2018","56,4710","56,3906","56,5484","56,2489","0,14%"
"16.02.2018","56,3906","56,4008","56,4670","56,1806","-0,02%"
"15.02.2018","56,4008","56,7102","56,8745","56,3995","-0,55%"
"14.02.2018","56,7102","57,6292","57,7625","56,7101","-1,59%"
"13.02.2018","57,6292","57,8294","57,9505","57,6102","-0,35%"
"12.02.2018","57,8294","58,3863","58,3863","57,6631","-0,95%"
"09.02.2018","58,3863","58,4188","58,7583","57,9218","-0,06%"
"08.02.2018","58,4188","57,6110","58,4195","57,5303","1,40%"
"07.02.2018","57,6110","56,8765","57,6110","56,7790","1,29%"
"06.02.2018","56,8765","57,2066","57,4269","56,8663","-0,58%"
"05.02.2018","57,2066","56,5501","57,2224","56,4996","1,16%"
"02.02.2018","56,5501","55,9171","56,5510","55,9135","1,13%"
"01.02.2018","55,9171","56,2075","56,4189","55,9171","-0,52%"
"31.01.2018","56,2075","56,3823","56,3850","56,0870","-0,31%"
"30.01.2018","56,3823","56,3178","56,4387","55,8859","0,11%"
"29.01.2018","56,3178","56,2572","56,5132","56,1750","0,11%"
"26.01.2018","56,2572","55,9244","56,2638","55,7445","0,60%"
"25.01.2018","55,9244","56,1780","56,1780","55,5973","-0,45%"
"24.01.2018","56,1780","56,3553","56,4700","56,1700","-0,31%"
"23.01.2018","56,3553","56,5021","56,5872","56,3408","-0,26%"
"22.01.2018","56,5021","56,7174","56,7177","56,4497","-0,38%"
"19.01.2018","56,7174","56,5177","56,7350","56,5177","0,35%"
"18.01.2018","56,5177","56,7504","56,8356","56,4102","-0,41%"
"17.01.2018","56,7504","56,5307","56,9430","56,5290","0,39%"
"16.01.2018","56,5307","56,3352","56,5428","56,3197","0,35%"
"15.01.2018","56,3352","56,6433","56,6500","56,2748","-0,54%"
"12.01.2018","56,6433","56,4285","56,7417","56,4274","0,38%"
"11.01.2018","56,4285","57,0222","57,0698","56,4285","-1,04%"
"10.01.2018","57,0222","56,9930","57,0982","56,7715","0,05%"
"09.01.2018","56,9930","56,9903","57,1833","56,8313","0,00%"
"05.01.2018","56,9903","56,8765","57,1261","56,8765","0,20%"
"04.01.2018","56,8765","57,2561","57,2845","56,8000","-0,66%"
"03.01.2018","57,2561","57,6114","57,6114","57,1262","-0,62%"
"29.12.2017","57,6114","57,5153","57,9112","57,4785","0,17%"
"28.12.2017","57,5153","57,7424","57,7435","57,4030","-0,39%"
"27.12.2017","57,7424","57,6230","57,9156","57,3927","0,21%"
"26.12.2017","57,6230","57,9674","58,0099","57,5805","-0,59%"
"25.12.2017","57,9674","58,3697","58,3764","57,8083","-0,69%"
"22.12.2017","58,3697","58,4615","58,4616","58,2079","-0,16%"
"21.12.2017","58,4615","58,7035","58,7068","58,4261","-0,41%"
"20.12.2017","58,7035","58,7743","58,7757","58,5970","-0,12%"
"19.12.2017","58,7743","58,6635","58,8440","58,5448","0,19%"
"18.12.2017","58,6635","58,8009","58,8009","58,5652","-0,23%"
"15.12.2017","58,8009","58,7556","59,0217","58,7269","0,08%"
"14.12.2017","58,7556","58,6190","58,9110","58,5582","0,23%"
"13.12.2017","58,6190","59,2960","59,2960","58,5586","-1,14%"
"12.12.2017","59,2960","58,9983","59,2968","58,7872","0,50%"
"11.12.2017","58,9983","59,1639","59,3194","58,8852","-0,28%"
"08.12.2017","59,1639","59,1867","59,3811","59,0525","-0,04%"
"07.12.2017","59,1867","59,2180","59,3672","59,0798","-0,05%"
"06.12.2017","59,2180","58,7367","59,2446","58,7367","0,82%"
"05.12.2017","58,7367","58,8003","58,8250","58,6023","-0,11%"
"04.12.2017","58,8003","58,8960","59,1027","58,6600","-0,16%"
"01.12.2017","58,8960","58,4380","59,1325","58,4380","0,78%"
"30.11.2017","58,4380","58,6144","58,7343","58,3637","-0,30%"
"29.11.2017","58,6144","58,3803","58,7033","58,2550","0,40%"
"28.11.2017","58,3803","58,4853","58,5441","58,2163","-0,18%"
"27.11.2017","58,4853","58,3732","58,5050","58,0566","0,19%"
"24.11.2017","58,3732","58,4456","58,5971","58,2537","-0,12%"
"23.11.2017","58,4456","58,5001","58,5283","58,3272","-0,09%"
"22.11.2017","58,5001","59,1888","59,1888","58,4488","-1,16%"
"21.11.2017","59,1888","59,3469","59,5362","59,1000","-0,27%"
"20.11.2017","59,3469","59,0623","59,5624","59,0623","0,48%"
"17.11.2017","59,0623","59,6749","59,7578","59,0067","-1,03%"
"16.11.2017","59,6749","60,2027","60,2150","59,5877","-0,88%"
"15.11.2017","60,2027","60,2303","60,4124","60,0320","-0,05%"
"14.11.2017","60,2303","59,3625","60,2413","59,3500","1,46%"
"13.11.2017","59,3625","59,2115","59,5688","59,0830","0,26%"
"10.11.2017","59,2115","59,2894","59,3513","58,9798","-0,13%"
"09.11.2017","59,2894","59,2551","59,4203","59,1150","0,06%"
"08.11.2017","59,2551","59,3594","59,5736","59,0780","-0,18%"
"07.11.2017","59,3594","59,0800","59,4319","58,3385","0,47%"
"03.11.2017","59,0800","58,1619","59,2698","58,1618","1,58%"
"02.11.2017","58,1619","58,2807","58,4353","58,0118","-0,20%"
"01.11.2017","58,2807","58,3289","58,3992","58,0335","-0,08%"
"31.10.2017","58,3289","57,9716","58,6003","57,9568","0,62%"
"30.10.2017","57,9716","58,0680","58,0807","57,6700","-0,17%"
"27.10.2017","58,0680","57,8560","58,7458","57,8547","0,37%"
"26.10.2017","57,8560","57,7552","57,8856","57,4830","0,17%"
"25.10.2017","57,7552","57,6412","57,8150","57,5255","0,20%"
"24.10.2017","57,6412","57,5480","57,6950","57,3868","0,16%"
"23.10.2017","57,5480","57,4945","57,5500","57,3863","0,09%"
"20.10.2017","57,4945","57,2734","57,6345","57,2725","0,39%"
"19.10.2017","57,2734","57,4379","57,7178","57,2588","-0,29%"
"18.10.2017","57,4379","57,2975","57,5027","57,1978","0,25%"
"17.10.2017","57,2975","57,3217","57,5419","57,2588","-0,04%"
"16.10.2017","57,3217","57,1740","57,3797","56,9956","0,26%"
"13.10.2017","57,1740","57,6879","57,7212","57,0587","-0,89%"
"12.10.2017","57,6879","57,8310","57,8375","57,6272","-0,25%"
"11.10.2017","57,8310","57,9808","58,0033","57,7717","-0,26%"
"10.10.2017","57,9808","58,3470","58,3600","57,8178","-0,63%"
"09.10.2017","58,3470","58,1880","58,5018","58,1880","0,27%"
"06.10.2017","58,1880","57,6916","58,2568","57,6914","0,86%"
"05.10.2017","57,6916","57,6845","57,7150","57,3965","0,01%"
"04.10.2017","57,6845","57,9168","57,9168","57,5375","-0,40%"
"03.10.2017","57,9168","57,8990","58,1529","57,8278","0,03%"
"02.10.2017","57,8990","57,4898","57,9824","57,4800","0,71%"
"29.09.2017","57,4898","57,9127","58,0884","57,4789","-0,73%"
"28.09.2017","57,9127","58,1983","58,5741","57,9123","-0,49%"
"27.09.2017","58,1983","57,8226","58,3733","57,8200","0,65%"
"26.09.2017","57,8226","57,5710","58,1431","57,3855","0,44%"
"25.09.2017","57,5710","57,4783","57,7437","57,2473","0,16%"
"22.09.2017","57,4783","57,9010","57,9028","57,4402","-0,73%"
"21.09.2017","57,9010","58,1041","58,3387","57,7718","-0,35%"
"20.09.2017","58,1041","58,1302","58,2863","57,7269","-0,04%"
"19.09.2017","58,1302","58,1199","58,3794","57,9240","0,02%"
"18.09.2017","58,1199","57,6329","58,1485","57,5100","0,85%"
"15.09.2017","57,6329","57,4996","57,7680","57,3959","0,23%"
"14.09.2017","57,4996","57,9559","57,9559","57,3940","-0,79%"
"13.09.2017","57,9559","57,7056","57,9761","57,5621","0,43%"
"12.09.2017","57,7056","57,2123","57,7537","57,1371","0,86%"
"11.09.2017","57,2123","57,3570","57,3675","57,0468","-0,25%"
"08.09.2017","57,3570","56,9000","57,4810","56,8353","0,80%"
"07.09.2017","56,9000","57,3641","57,3682","56,7935","-0,81%"
"06.09.2017","57,3641","57,5270","57,5694","57,2719","-0,28%"
"05.09.2017","57,5270","57,8349","58,0918","57,2393","-0,53%"
"04.09.2017","57,8349","57,5159","57,9533","57,5159","0,55%"
"01.09.2017","57,5159","58,0060","58,1910","57,3921","-0,84%"
"31.08.2017","58,0060","58,5678","58,6391","57,9844","-0,96%"
"30.08.2017","58,5678","58,8299","58,8998","58,3337","-0,45%"
"29.08.2017","58,8299","58,4388","58,8808","58,4350","0,67%"
"28.08.2017","58,4388","58,5828","58,6810","58,3434","-0,25%"
"25.08.2017","58,5828","59,1624","59,2058","58,5597","-0,98%"
"24.08.2017","59,1624","59,0630","59,2708","59,0630","0,17%"
"23.08.2017","59,0630","59,0868","59,2321","59,0010","-0,04%"
"22.08.2017","59,0868","59,1428","59,1450","58,9326","-0,09%"
"21.08.2017","59,1428","59,0003","59,2054","58,9373","0,24%"
"18.08.2017","59,0003","59,2340","59,4993","58,9996","-0,39%"
"17.08.2017","59,2340","59,3852","59,4698","59,0001","-0,25%"
"16.08.2017","59,3852","59,7038","59,7315","59,2908","-0,53%"
"15.08.2017","59,7038","59,8630","60,1036","59,7025","-0,27%"
"14.08.2017","59,8630","59,8733","59,8825","59,5678","-0,02%"
"11.08.2017","59,8733","60,1170","60,2978","59,8022","-0,41%"
"10.08.2017","60,1170","59,9945","60,1295","59,7318","0,20%"
"09.08.2017","59,9945","59,8262","60,2120","59,8175","0,28%"
"08.08.2017","59,8262","60,0388","60,0993","59,7073","-0,35%"
"07.08.2017","60,0388","59,9798","60,3208","59,8786","0,10%"
"04.08.2017","59,9798","60,3489","60,4695","59,8503","-0,61%"
"03.08.2017","60,3489","60,5811","60,8357","60,0933","-0,38%"
"02.08.2017","60,5811","60,3483","60,8208","60,3483","0,39%"
"01.08.2017","60,3483","59,7719","60,3509","59,7335","0,96%"
"31.07.2017","59,7719","59,5578","60,3264","59,5578","0,36%"
"28.07.2017","59,5578","59,4968","59,6408","59,3795","0,10%"
"27.07.2017","59,4968","59,4064","59,6435","59,3345","0,15%"
"26.07.2017","59,4064","59,8868","60,0525","59,3748","-0,80%"
"25.07.2017","59,8868","60,0094","60,1596","59,7296","-0,20%"
"24.07.2017","60,0094","59,3829","60,1958","59,3715","1,06%"
"21.07.2017","59,3829","58,9316","59,3932","58,7825","0,77%"
"20.07.2017","58,9316","58,9970","59,2153","58,8018","-0,11%"
"19.07.2017","58,9970","59,1807","59,3678","58,9362","-0,31%"
"18.07.2017","59,1807","59,3550","59,4569","58,9138","-0,29%"
"17.07.2017","59,3550","59,0851","59,4023","58,9745","0,46%"
"14.07.2017","59,0851","59,8363","59,9482","59,0430","-1,26%"
"13.07.2017","59,8363","59,9962","60,2787","59,6683","-0,27%"
"12.07.2017","59,9962","60,7255","60,7255","59,9013","-1,20%"
"11.07.2017","60,7255","60,2273","60,9884","60,2273","0,83%"
"10.07.2017","60,2273","60,3610","60,5332","60,2031","-0,22%"
"07.07.2017","60,3610","60,1558","60,6085","60,1558","0,34%"
"06.07.2017","60,1558","59,9993","60,4011","59,7753","0,26%"
"05.07.2017","59,9993","59,4093","60,2416","59,3157","0,99%"
"04.07.2017","59,4093","59,2840","59,4500","59,1490","0,21%"
"03.07.2017","59,2840","58,9401","59,4635","58,8083","0,58%"
"30.06.2017","58,9401","59,4146","59,5184","58,8703","-0,80%"
"29.06.2017","59,4146","59,2004","59,5745","58,9164","0,36%"
"28.06.2017","59,2004","59,4894","59,8825","59,2003","-0,49%"
"27.06.2017","59,4894","58,7853","59,4894","58,6671","1,20%"
"26.06.2017","58,7853","59,3950","59,3950","58,7815","-1,03%"
"23.06.2017","59,3950","59,9460","59,9675","59,3595","-0,92%"
"22.06.2017","59,9460","60,3063","60,3743","59,6603","-0,60%"
"21.06.2017","60,3063","59,6200","60,4192","59,3409","1,15%"
"20.06.2017","59,6200","58,4527","59,7619","58,4041","2,00%"
"19.06.2017","58,4527","57,7790","58,4727","57,6915","1,17%"
"16.06.2017","57,7790","57,8743","57,8900","57,4375","-0,16%"
"15.06.2017","57,8743","57,4307","57,8875","57,3269","0,77%"
"14.06.2017","57,4307","56,9845","57,5461","56,8392","0,78%"
"13.06.2017","56,9845","57,0237","57,0300","56,8358","-0,07%"
"09.06.2017","57,0237","56,9048","57,0378","56,9048","0,21%"
"08.06.2017","56,9048","57,0911","57,1124","56,8213","-0,33%"
"07.06.2017","57,0911","56,5353","57,1621","56,5080","0,98%"
"06.06.2017","56,5353","56,6103","56,7641","56,4212","-0,13%"
"05.06.2017","56,6103","56,6453","56,7400","56,4881","-0,06%"
"02.06.2017","56,6453","56,3983","56,8405","56,3850","0,44%"
"01.06.2017","56,3983","56,5617","56,7053","56,1125","-0,29%"
"31.05.2017","56,5617","56,5497","56,9338","56,5400","0,02%"
"30.05.2017","56,5497","56,4855","56,7860","56,4553","0,11%"
"29.05.2017","56,4855","56,5203","56,8079","56,2943","-0,06%"
"26.05.2017","56,5203","56,9672","57,0016","56,4914","-0,78%"
"25.05.2017","56,9672","56,4127","57,0174","56,0007","0,98%"
"24.05.2017","56,4127","56,3695","56,5718","56,2238","0,08%"
"23.05.2017","56,3695","56,6293","56,7062","56,2283","-0,46%"
"22.05.2017","56,6293","56,9264","56,9264","56,4120","-0,52%"
"19.05.2017","56,9264","57,5828","57,5836","56,6623","-1,14%"
"18.05.2017","57,5828","57,0978","58,1179","57,0978","0,85%"
"17.05.2017","57,0978","56,5699","57,0985","56,5669","0,93%"
"16.05.2017","56,5699","56,3520","56,5699","56,1954","0,39%"
"15.05.2017","56,3520","57,0974","57,0974","56,2318","-1,31%"
"12.05.2017","57,0974","57,0558","57,3360","57,0013","0,07%"
"11.05.2017","57,0558","57,4522","57,4522","56,9360","-0,69%"
"10.05.2017","57,4522","57,9436","58,3487","57,4113","-0,85%"
"05.05.2017","57,9436","58,3694","58,8033","57,9291","-0,73%"
"04.05.2017","58,3694","57,3911","58,4580","57,3911","1,70%"
"03.05.2017","57,3911","57,0137","57,3934","57,0000","0,66%"
"02.05.2017","57,0137","56,9311","57,1600","56,8595","0,15%"
"28.04.2017","56,9311","56,9705","57,1156","56,6332","-0,07%"
"27.04.2017","56,9705","57,1535","57,2628","56,7246","-0,32%"
"26.04.2017","57,1535","56,1574","57,1535","56,1574","1,77%"
"25.04.2017","56,1574","55,8438","56,2288","55,7498","0,56%"
"24.04.2017","55,8438","56,4576","56,4613","55,7253","-1,09%"
"21.04.2017","56,4576","56,2073","56,5900","56,0660","0,45%"
"20.04.2017","56,2073","56,5833","56,5833","56,1039","-0,66%"
"19.04.2017","56,5833","56,2408","56,7334","56,0687","0,61%"
"18.04.2017","56,2408","55,9267","56,2416","55,8661","0,56%"
"17.04.2017","55,9267","56,3578","56,3625","55,9065","-0,76%"
"14.04.2017","56,3578","56,2679","56,3883","56,0979","0,16%"
"13.04.2017","56,2679","56,6023","56,6495","56,1710","-0,59%"
"12.04.2017","56,6023","56,9215","57,1306","56,5467","-0,56%"
"11.04.2017","56,9215","57,1778","57,1778","56,8250","-0,45%"
"10.04.2017","57,1778","57,2480","57,5506","57,0848","-0,12%"
"07.04.2017","57,2480","56,3955","57,2550","56,3955","1,51%"
"06.04.2017","56,3955","56,3790","56,5688","56,1840","0,03%"
"05.04.2017","56,3790","56,0787","56,3978","55,8088","0,54%"
"04.04.2017","56,0787","56,0830","56,6985","56,0493","-0,01%"
"03.04.2017","56,0830","56,2665","56,4578","55,9455","-0,33%"
"31.03.2017","56,2665","56,0929","56,5223","55,8808","0,31%"
"30.03.2017","56,0929","56,6068","56,6188","55,9220","-0,91%"
"29.03.2017","56,6068","57,0335","57,1397","56,5803","-0,75%"
"28.03.2017","57,0335","56,9101","57,1825","56,8288","0,22%"
"27.03.2017","56,9101","56,8904","57,2148","56,7447","0,03%"
"24.03.2017","56,8904","57,4353","57,4897","56,8890","-0,95%"
"23.03.2017","57,4353","57,7887","57,7887","57,3400","-0,61%"
"22.03.2017","57,7887","57,6980","58,1999","57,5705","0,16%"
"21.03.2017","57,6980","57,2987","57,6994","57,0081","0,70%"
"20.03.2017","57,2987","57,2234","57,6304","57,1944","0,13%"
"17.03.2017","57,2234","57,7819","58,0353","57,1682","-0,97%"
"16.03.2017","57,7819","58,3960","58,4995","57,6398","-1,05%"
"15.03.2017","58,3960","59,1627","59,2051","58,3908","-1,30%"
"14.03.2017","59,1627","58,7928","59,6053","58,7725","0,63%"
"13.03.2017","58,7928","58,9965","59,2166","58,7725","-0,35%"
"10.03.2017","58,9965","59,2998","59,3175","58,7240","-0,51%"
"09.03.2017","59,2998","58,1777","59,4921","58,1777","1,93%"
"07.03.2017","58,1777","58,2036","58,3636","57,8983","-0,04%"
"06.03.2017","58,2036","58,2217","58,4334","57,9446","-0,03%"
"03.03.2017","58,2217","58,8302","58,9954","58,1436","-1,03%"
"02.03.2017","58,8302","58,2831","58,8597","58,2700","0,94%"
"01.03.2017","58,2831","58,3058","58,5793","57,9983","-0,04%"
"28.02.2017","58,3058","58,0784","58,4958","57,8319","0,39%"
"27.02.2017","58,0784","58,4175","58,4175","57,5946","-0,58%"
"24.02.2017","58,4175","58,0668","58,5460","57,7886","0,60%"
"22.02.2017","58,0668","57,4153","58,1511","57,3144","1,13%"
"21.02.2017","57,4153","57,9656","58,0355","57,4135","-0,95%"
"20.02.2017","57,9656","58,4270","58,4270","57,9208","-0,79%"
"17.02.2017","58,4270","57,5993","58,5461","57,4947","1,44%"
"16.02.2017","57,5993","57,2565","57,6585","57,0218","0,60%"
"15.02.2017","57,2565","57,1288","57,8502","56,5701","0,22%"
"14.02.2017","57,1288","57,9851","57,9860","57,1017","-1,48%"
"13.02.2017","57,9851","58,2219","58,2469","57,8578","-0,41%"
"10.02.2017","58,2219","58,9600","58,9619","58,2166","-1,25%"
"09.02.2017","58,9600","59,2323","59,2323","58,6990","-0,46%"
"08.02.2017","59,2323","59,3378","59,5999","59,0993","-0,18%"
"07.02.2017","59,3378","58,9030","59,4891","58,8981","0,74%"
"06.02.2017","58,9030","58,9824","59,0886","58,5945","-0,13%"
"03.02.2017","58,9824","59,4117","59,5969","58,7760","-0,72%"
"02.02.2017","59,4117","60,1280","60,1325","58,8479","-1,19%"
"01.02.2017","60,1280","60,1589","60,3979","60,0625","-0,05%"
"31.01.2017","60,1589","59,9332","60,2301","59,8857","0,38%"
"30.01.2017","59,9332","59,8178","60,2714","59,8178","0,19%"
"27.01.2017","59,8178","60,4317","60,4465","59,5702","-1,02%"
"26.01.2017","60,4317","59,5145","60,5662","59,4055","1,54%"
"25.01.2017","59,5145","59,2511","59,6519","59,0756","0,44%"
"24.01.2017","59,2511","59,5022","59,5175","59,0935","-0,42%"
"23.01.2017","59,5022","59,7521","59,7550","59,3110","-0,42%"
"20.01.2017","59,7521","59,7304","59,9403","59,5923","0,04%"
"19.01.2017","59,7304","59,5544","60,2480","59,2077","0,30%"
"18.01.2017","59,5544","59,4025","59,5545","59,0469","0,26%"
"17.01.2017","59,4025","59,8588","59,8700","58,9786","-0,76%"
"16.01.2017","59,8588","59,6869","59,9415","59,4971","0,29%"
"13.01.2017","59,6869","59,3491","59,8298","59,2707","0,57%"
"12.01.2017","59,3491","59,7256","59,7475","59,0954","-0,63%"
"11.01.2017","59,7256","60,1636","60,6617","59,4947","-0,73%"
"10.01.2017","60,1636","60,0788","60,2796","59,8279","0,14%"
"09.01.2017","60,0788","59,6046","60,0860","59,6046","0,80%"
"06.01.2017","59,6046","59,4481","59,7457","59,1128","0,26%"
"05.01.2017","59,4481","60,4653","60,4653","59,2225","-1,68%"
"04.01.2017","60,4653","60,9133","61,1962","60,2536","-0,74%"
"03.01.2017","60,9133","61,2730","61,2865","60,3808","-0,59%"
"30.12.2016","61,2730","60,4138","61,6339","60,4119","1,42%"
"29.12.2016","60,4138","60,3297","60,7955","60,1232","0,14%"
"28.12.2016","60,3297","60,6708","60,7392","60,1189","-0,56%"
"27.12.2016","60,6708","60,9777","60,9785","60,5988","-0,50%"
"26.12.2016","60,9777","61,0564","61,0730","60,7822","-0,13%"
"23.12.2016","61,0564","60,9426","61,3663","60,7853","0,19%"
"22.12.2016","60,9426","61,1500","61,1675","60,7031","-0,34%"
"21.12.2016","61,1500","61,4518","61,4600","60,8764","-0,49%"
"20.12.2016","61,4518","61,9306","62,0003","61,3298","-0,77%"
"19.12.2016","61,9306","62,0946","62,0946","61,6666","-0,26%"
"16.12.2016","62,0946","61,7310","62,5001","61,4703","0,59%"
"15.12.2016","61,7310","62,0812","62,1000","61,3477","-0,56%"
"14.12.2016","62,0812","60,6029","62,0812","60,6029","2,44%"
"13.12.2016","60,6029","61,0442","61,3090","60,4866","-0,72%"
"12.12.2016","61,0442","62,4933","62,4933","60,7425","-2,32%"
"09.12.2016","62,4933","63,2743","63,3898","62,2198","-1,23%"
"08.12.2016","63,2743","63,2054","63,5253","63,2054","0,11%"
"07.12.2016","63,2054","63,8785","63,9822","63,1593","-1,05%"
"06.12.2016","63,8785","63,8175","63,9762","63,6647","0,10%"
"05.12.2016","63,8175","63,8820","64,0514","63,5144","-0,10%"
"02.12.2016","63,8820","63,9759","64,3440","63,7608","-0,15%"
"01.12.2016","63,9759","64,1420","64,1759","63,5113","-0,26%"
"30.11.2016","64,1420","65,0979","65,3806","63,9895","-1,47%"
"29.11.2016","65,0979","64,8383","65,4947","64,8365","0,40%"
"28.11.2016","64,8383","64,9468","65,1904","64,5596","-0,17%"
"25.11.2016","64,9468","64,4829","64,9725","64,3198","0,72%"
"24.11.2016","64,4829","64,4667","64,7897","64,3038","0,03%"
"23.11.2016","64,4667","63,7645","64,9435","63,7500","1,10%"
"22.11.2016","63,7645","63,9144","64,1155","63,4926","-0,23%"
"21.11.2016","63,9144","64,6963","64,7025","63,8836","-1,21%"
"18.11.2016","64,6963","64,8285","65,3016","64,5045","-0,20%"
"17.11.2016","64,8285","64,7795","65,0836","64,3081","0,08%"
"16.11.2016","64,7795","64,1741","65,5580","64,0947","0,94%"
"15.11.2016","64,1741","66,0222","66,0325","64,1734","-2,80%"
"14.11.2016","66,0222","65,7592","66,4812","65,7150","0,40%"
"11.11.2016","65,7592","65,4926","66,2933","65,0640","0,41%"
"10.11.2016","65,4926","63,8751","65,5511","63,2876","2,53%"
"09.11.2016","63,8751","63,7595","64,0953","63,2526","0,18%"
"08.11.2016","63,7595","63,6380","63,8395","63,6377","0,19%"
"07.11.2016","63,6380","63,5800","63,9646","63,5589","0,09%"
"03.11.2016","63,5806","63,5101","63,8153","63,4546","0,11%"
"02.11.2016","63,5101","63,3208","63,8343","63,3200","0,30%"
"01.11.2016","63,3208","63,3823","63,3823","62,9151","-0,10%"
"31.10.2016","63,3823","63,0059","63,4560","63,0059","0,60%"
"28.10.2016","63,0059","62,7163","63,1210","62,7025","0,46%"
"27.10.2016","62,7163","62,8987","63,2185","62,5986","-0,29%"
"26.10.2016","62,8987","62,2667","62,9948","62,1909","1,01%"
"25.10.2016","62,2667","62,1881","62,2729","61,9508","0,13%"
"24.10.2016","62,1881","62,3778","62,3969","62,1315","-0,30%"
"21.10.2016","62,3778","62,4860","62,5478","62,2308","-0,17%"
"20.10.2016","62,4860","62,2943","62,4973","62,2693","0,31%"
"19.10.2016","62,2943","62,8137","62,8137","62,2004","-0,83%"
"18.10.2016","62,8137","63,1094","63,1104","62,7970","-0,47%"
"17.10.2016","63,1094","62,9718","63,2115","62,7482","0,22%"
"14.10.2016","62,9718","63,0334","63,0555","62,8126","-0,10%"
"13.10.2016","63,0334","63,0037","63,4921","62,9045","0,05%"
"12.10.2016","63,0037","62,6700","63,1453","62,4951","0,53%"
"11.10.2016","62,6700","61,9853","62,8674","61,9853","1,10%"
"10.10.2016","61,9853","62,2051","62,5152","61,8510","-0,35%"
"07.10.2016","62,2051","62,0861","62,5221","61,9758","0,19%"
"06.10.2016","62,0861","62,4194","62,4528","62,0819","-0,53%"
"05.10.2016","62,4194","62,6713","62,6713","62,3021","-0,40%"
"04.10.2016","62,6713","62,2769","62,8500","62,2769","0,63%"
"03.10.2016","62,2769","62,8343","62,8343","62,1610","-0,89%"
"30.09.2016","62,8343","63,0892","63,4985","62,6585","-0,40%"
"29.09.2016","63,0892","63,0129","63,3583","62,9005","0,12%"
"28.09.2016","63,0129","63,8560","64,0814","63,0129","-1,32%"
"27.09.2016","63,8560","63,9264","64,0820","63,5790","-0,11%"
"26.09.2016","63,9264","64,0518","64,2594","63,5984","-0,20%"
"23.09.2016","64,0518","63,6999","64,1100","63,3916","0,55%"
"22.09.2016","63,6999","63,8353","63,9582","63,5091","-0,21%"
"21.09.2016","63,8353","64,7819","64,7819","63,7993","-1,46%"
"20.09.2016","64,7819","64,6569","65,0092","64,5943","0,19%"
"19.09.2016","64,6569","65,1138","65,1200","64,3964","-0,70%"
"16.09.2016","65,1138","64,7683","65,2405","64,7668","0,53%"
"15.09.2016","64,7683","65,1533","65,3491","64,6828","-0,59%"
"14.09.2016","65,1533","65,2994","65,2999","64,8256","-0,22%"
"13.09.2016","65,2994","64,5918","65,4609","64,5875","1,10%"
"12.09.2016","64,5918","64,8199","65,2975","64,4480","-0,35%"
"09.09.2016","64,8199","63,9808","64,8256","63,9808","1,31%"
"08.09.2016","63,9808","64,1378","64,1378","63,5869","-0,24%"
"07.09.2016","64,1378","64,5645","64,5926","64,1378","-0,66%"
"06.09.2016","64,5645","65,0742","65,0800","64,4115","-0,78%"
"05.09.2016","65,0742","65,0975","65,1500","64,5238","-0,04%"
"02.09.2016","65,0975","65,9177","65,9487","65,0058","-1,24%"
"01.09.2016","65,9177","65,3317","65,9735","65,1731","0,90%"
"31.08.2016","65,3317","65,2607","65,4364","65,1311","0,11%"
"30.08.2016","65,2607","64,7624","65,3330","64,7500","0,77%"
"29.08.2016","64,7624","64,8556","65,1675","64,7414","-0,14%"
"26.08.2016","64,8556","64,6825","64,9760","64,2468","0,27%"
"25.08.2016","64,6825","65,1602","65,1700","64,5815","-0,73%"
"24.08.2016","65,1602","64,5946","65,3118","64,5946","0,88%"
"23.08.2016","64,5946","64,8112","64,8753","64,2965","-0,33%"
"22.08.2016","64,8112","63,9060","64,8169","63,9000","1,42%"
"19.08.2016","63,9060","63,6637","64,1057","63,6039","0,38%"
"18.08.2016","63,6637","63,8325","64,1642","63,4193","-0,26%"
"17.08.2016","63,8325","63,7823","64,3276","63,7750","0,08%"
"16.08.2016","63,7823","64,0429","64,1748","63,5655","-0,41%"
"15.08.2016","64,0429","64,7640","64,7640","63,9100","-1,11%"
"12.08.2016","64,7640","64,3135","64,9895","64,1060","0,70%"
"11.08.2016","64,3135","64,8700","65,0391","64,1467","-0,86%"
"10.08.2016","64,8700","64,7730","64,9241","64,1804","0,15%"
"09.08.2016","64,7730","64,6274","65,1137","64,5250","0,23%"
"08.08.2016","64,6274","65,5352","65,5475","64,4572","-1,39%"
"05.08.2016","65,5352","65,7809","65,8615","65,0083","-0,37%"
"04.08.2016","65,7809","66,2634","66,5414","65,6148","-0,73%"
"03.08.2016","66,2634","66,6682","67,0023","66,1599","-0,61%"
"02.08.2016","66,6682","66,9005","67,0185","66,0383","-0,35%"
"01.08.2016","66,9005","66,0429","66,9603","65,8378","1,30%"
"29.07.2016","66,0429","66,6038","67,1548","65,9216","-0,84%"
"28.07.2016","66,6038","65,9353","66,7525","65,9323","1,01%"
"27.07.2016","65,9353","65,9448","66,4395","65,7185","-0,01%"
"26.07.2016","65,9448","65,4183","66,5316","65,4183","0,80%"
"25.07.2016","65,4183","64,9526","65,5435","64,8128","0,85%"
"22.07.2016","64,8689","64,3803","64,9704","64,3511","0,76%"
"21.07.2016","64,3803","63,7773","64,4103","63,5725","0,95%"
"20.07.2016","63,7773","63,5394","63,9063","63,1592","0,37%"
"19.07.2016","63,5394","62,8635","63,7410","62,8169","1,08%"
"18.07.2016","62,8635","63,5079","63,5100","62,7983","-1,01%"
"15.07.2016","63,5079","62,8268","63,5083","62,8268","1,08%"
"14.07.2016","62,8268","63,8403","63,8500","62,7597","-1,59%"
"13.07.2016","63,8403","63,8928","64,0560","63,6929","-0,08%"
"12.07.2016","63,8928","64,1963","64,2007","63,7366","-0,47%"
"11.07.2016","64,1963","63,9669","64,3004","63,9669","0,36%"
"08.07.2016","63,9669","64,5625","64,5625","63,7397","-0,92%"
"07.07.2016","64,5625","64,2031","64,7475","63,7443","0,56%"
"06.07.2016","64,2031","64,3284","64,8014","64,1872","-0,19%"
"05.07.2016","64,3284","63,9291","64,6633","63,9291","0,62%"
"04.07.2016","63,9291","63,8040","63,9993","63,5498","0,20%"
"01.07.2016","63,8040","63,9731","64,2542","63,8027","-0,26%"
"30.06.2016","63,9731","63,8232","64,4104","63,7557","0,23%"
"29.06.2016","63,8232","64,0780","64,4664","63,6200","-0,40%"
"28.06.2016","64,0780","65,4441","65,4441","64,0064","-2,09%"
"27.06.2016","65,4441","65,2733","65,6438","64,8356","0,26%"
"24.06.2016","65,2733","63,8300","65,8080","63,8300","2,26%"
"23.06.2016","63,8300","64,8807","64,8900","63,7707","-1,62%"
"22.06.2016","64,8807","63,7824","65,1308","63,5336","1,72%"
"21.06.2016","63,7824","64,2835","64,4552","63,7611","-0,78%"
"20.06.2016","64,2835","64,8461","64,8500","63,7788","-0,87%"
"17.06.2016","64,8461","65,7658","65,7800","64,7083","-1,40%"
"16.06.2016","65,7658","65,5585","66,0775","65,3638","0,32%"
"15.06.2016","65,5585","66,1385","66,1410","65,1129","-0,88%"
"14.06.2016","66,1385","65,2705","66,2955","65,2705","1,33%"
"10.06.2016","65,2705","64,3363","65,3745","64,1587","1,45%"
"09.06.2016","64,3363","63,6131","64,4698","63,4277","1,14%"
"08.06.2016","63,6131","64,6133","64,7897","63,5140","-1,55%"
"07.06.2016","64,6133","65,2693","65,4205","64,5308","-1,01%"
"06.06.2016","65,2693","65,6149","65,9693","65,1336","-0,53%"
"03.06.2016","65,6149","66,9720","67,1550","65,6119","-2,03%"
"02.06.2016","66,9720","67,1015","67,6776","66,6290","-0,19%"
"01.06.2016","67,1015","66,6968","67,3133","66,5300","0,61%"
"31.05.2016","66,6968","65,7944","66,9379","65,7770","1,37%"
"30.05.2016","65,7944","66,1168","66,2034","65,6265","-0,49%"
"27.05.2016","66,1168","65,8146","66,3914","65,8031","0,46%"
"26.05.2016","65,8146","65,4961","65,8657","65,0460","0,49%"
"25.05.2016","65,4961","66,1799","66,1840","65,3586","-1,03%"
"24.05.2016","66,1799","66,8260","67,1144","66,1112","-0,97%"
"23.05.2016","66,8260","66,7833","67,2054","66,7605","0,06%"
"20.05.2016","66,7833","66,7790","66,9421","66,2872","0,01%"
"19.05.2016","66,7790","65,9901","67,3038","65,9901","1,20%"
"18.05.2016","65,9901","64,7376","66,0711","64,7376","1,93%"
"17.05.2016","64,7376","64,8914","65,0594","64,4075","-0,24%"
"16.05.2016","64,8914","65,4546","65,4800","64,6168","-0,86%"
"13.05.2016","65,4546","64,8982","65,5521","64,7570","0,86%"
"12.05.2016","64,8982","64,9921","65,5186","64,5847","-0,14%"
"11.05.2016","64,9921","66,2856","66,3617","64,9149","-1,95%"
"10.05.2016","66,2856","65,9470","66,6454","65,9448","0,51%"
"06.05.2016","65,9470","65,8616","66,5885","65,5606","0,13%"
"05.05.2016","65,8616","66,5318","66,5320","65,2283","-1,01%"
"04.05.2016","66,5318","64,6542","66,7081","64,6300","2,90%"
"29.04.2016","64,6542","64,7010","64,8679","64,0046","-0,07%"
"28.04.2016","64,7010","65,1325","65,3006","64,1955","-0,66%"
"27.04.2016","65,1325","65,1825","65,9594","64,9900","-0,08%"
"26.04.2016","65,1825","66,5674","66,6394","65,1825","-2,08%"
"25.04.2016","66,5674","66,4792","66,8296","65,9043","0,13%"
"22.04.2016","66,4792","66,8337","66,8415","65,5662","-0,53%"
"21.04.2016","66,8337","65,1893","66,9278","64,6590","2,52%"
"20.04.2016","65,1893","65,8547","66,4550","65,1306","-1,01%"
"19.04.2016","65,8547","66,0847","66,2667","65,4436","-0,35%"
"18.04.2016","66,0847","66,4050","68,7618","66,0639","-0,48%"
"15.04.2016","66,4050","66,1361","66,6195","65,8905","0,41%"
"14.04.2016","66,1361","66,2975","66,6288","65,7911","-0,24%"
"13.04.2016","66,2975","65,7183","66,3498","65,2662","0,88%"
"12.04.2016","65,7183","66,7928","66,7934","65,1861","-1,61%"
"11.04.2016","66,7928","67,1262","67,3458","66,4431","-0,50%"
"08.04.2016","67,1262","67,9942","68,0280","66,9380","-1,28%"
"07.04.2016","67,9942","67,6066","68,3897","67,5926","0,57%"
"06.04.2016","67,6066","68,5667","68,8383","67,5494","-1,40%"
"05.04.2016","68,5667","68,7464","69,4728","68,5532","-0,26%"
"04.04.2016","68,7464","67,5855","68,8977","67,5855","1,72%"
"01.04.2016","67,5855","67,0288","68,3415","66,9732","0,83%"
"31.03.2016","67,0288","68,2440","68,2440","66,7170","-1,78%"
"30.03.2016","68,2440","68,0899","68,3549","67,2004","0,23%"
"29.03.2016","68,0899","68,5128","69,2061","67,9979","-0,62%"
"28.03.2016","68,5128","68,4470","68,6343","67,6303","0,10%"
"25.03.2016","68,4470","68,5601","68,6763","67,8344","-0,16%"
"24.03.2016","68,5601","68,7234","69,6384","68,2878","-0,24%"
"23.03.2016","68,7234","67,4914","68,7516","67,4486","1,83%"
"22.03.2016","67,4914","67,8348","68,2374","67,2028","-0,51%"
"21.03.2016","67,8348","68,3703","69,1166","67,5203","-0,78%"
"18.03.2016","68,3703","68,0758","68,7043","67,3026","0,43%"
"17.03.2016","68,0758","69,1734","69,1734","67,9606","-1,59%"
"16.03.2016","69,1734","71,0474","71,2303","69,1299","-2,64%"
"15.03.2016","71,0474","69,9772","71,3575","69,9600","1,53%"
"14.03.2016","69,9772","69,9192","70,9539","69,6951","0,08%"
"11.03.2016","69,9192","71,4291","71,4550","69,4782","-2,11%"
"10.03.2016","71,4291","71,1102","71,8797","69,9767","0,45%"
"09.03.2016","71,1102","71,4779","72,6582","70,7696","-0,51%"
"07.03.2016","71,4779","72,0326","72,2449","71,1390","-0,77%"
"04.03.2016","72,0326","73,1620","73,4294","71,7577","-1,54%"
"03.03.2016","73,1620","73,0278","74,0648","72,9079","0,18%"
"02.03.2016","73,0278","73,3731","74,2113","73,0229","-0,47%"
"01.03.2016","73,3731","75,1682","75,1682","73,1891","-2,39%"
"29.02.2016","75,1682","76,1883","76,2819","74,8940","-1,34%"
"26.02.2016","76,1883","75,3641","76,4086","74,5206","1,09%"
"25.02.2016","75,3641","75,7421","76,6408","75,1921","-0,50%"
"24.02.2016","75,7421","75,3462","77,5512","75,3462","0,53%"
"22.02.2016","75,3462","77,0453","77,0453","74,9729","-2,21%"
"20.02.2016","77,0453","76,9937","77,2625","76,5269","0,07%"
"19.02.2016","76,9937","76,4278","77,8704","76,0642","0,74%"
"18.02.2016","76,4278","75,0400","76,4919","74,9552","1,85%"
"17.02.2016","75,0400","77,8876","78,2768","74,6985","-3,66%"
"16.02.2016","77,8876","76,9807","78,1027","75,9297","1,18%"
"15.02.2016","76,9807","78,3558","78,3558","76,9176","-1,75%"
"12.02.2016","78,3558","79,5917","79,7666","78,1602","-1,55%"
"11.02.2016","79,5917","78,6429","80,6000","78,6429","1,21%"
"10.02.2016","78,6429","79,7087","79,7087","77,7550","-1,34%"
"09.02.2016","79,7087","78,5509","79,9399","78,1013","1,47%"
"08.02.2016","78,5509","77,4872","79,0665","76,4422","1,37%"
"05.02.2016","77,4872","76,9080","77,6979","76,4612","0,75%"
"04.02.2016","76,9080","76,8869","77,2215","75,6070","0,03%"
"03.02.2016","76,8869","79,7542","79,8280","76,7034","-3,60%"
"02.02.2016","79,7542","77,3094","79,7549","77,3094","3,16%"
"01.02.2016","77,3094","75,4644","77,4449","75,4273","2,44%"
"29.01.2016","75,4644","76,3787","76,3787","74,6083","-1,20%"
"28.01.2016","76,3787","77,6556","77,8664","75,5062","-1,64%"
"27.01.2016","77,6556","78,3342","79,4477","76,9540","-0,87%"
"26.01.2016","78,3342","80,0649","82,2142","77,7454","-2,16%"
"25.01.2016","80,0649","78,0450","80,1057","76,7135","2,59%"
"22.01.2016","78,0450","82,6813","82,6813","77,9909","-5,61%"
"21.01.2016","82,6813","81,3906","85,7520","81,3906","1,59%"
"20.01.2016","81,3906","78,5908","82,4411","78,5908","3,56%"
"19.01.2016","78,5908","79,2942","79,2942","78,1013","-0,89%"
"18.01.2016","79,2942","77,6411","79,3984","77,6411","2,13%"
"15.01.2016","77,6411","76,0647","77,9347","76,0647","2,07%"
"14.01.2016","76,0647","76,6724","77,0304","76,0640","-0,79%"
"13.01.2016","76,6724","77,0394","77,0394","75,7597","-0,48%"
"12.01.2016","77,0394","76,2000","77,2297","75,9207","1,10%"
"11.01.2016","76,2000","74,7623","76,4054","74,7623","1,86%"
"08.01.2016","74,8050","74,8100","75,3100","73,5100","-0,39%"
"07.01.2016","75,1000","74,6000","76,1700","74,0720","0,45%"
"06.01.2016","74,7623","73,3260","75,0218","73,3130","1,96%"
"05.01.2016","73,3260","73,1655","73,5432","72,7952","0,22%"
"04.01.2016","73,1655","73,5963","73,5963","72,6455","0,23%"
"01.01.2016","73,0000","72,8800","73,0000","72,8800","0,00%"
"31.12.2015","72,9990","73,2300","74,3700","72,7530","-0,81%"
"30.12.2015","73,5963","72,2122","73,6222","72,2122","1,92%"
"29.12.2015","72,2122","72,2113","72,8325","71,8976","0,00%"
"28.12.2015","72,2113","70,6670","72,4428","70,3983","2,19%"
"25.12.2015","70,6670","70,2508","70,7986","70,0394","0,59%"
"24.12.2015","70,2508","69,6966","70,7539","69,3305","0,80%"
"23.12.2015","69,6966","71,2450","71,2450","69,6430","-2,17%"
"22.12.2015","71,2450","71,2254","71,3095","70,9943","0,03%"
"21.12.2015","71,2254","70,9601","71,3771","70,9601","0,37%"
"18.12.2015","70,9601","71,1770","71,4344","70,5325","-0,30%"
"17.12.2015","71,1770","70,3862","71,1782","70,3084","1,12%"
"16.12.2015","70,3862","69,9483","70,5856","69,8370","0,63%"
"15.12.2015","69,9483","70,5657","71,0249","69,6640","-0,87%"
"14.12.2015","70,5657","70,3518","71,1841","70,0577","0,30%"
"11.12.2015","70,3518","69,1318","70,4930","69,0778","1,76%"
"10.12.2015","69,1318","69,3606","69,3606","68,6303","-0,33%"
"09.12.2015","69,3606","69,4666","69,6403","68,7477","-0,15%"
"08.12.2015","69,4666","69,4916","69,9178","69,0468","-0,04%"
"07.12.2015","69,4916","68,1246","69,4987","68,1246","2,01%"
"04.12.2015","68,1246","67,5188","68,2787","67,2490","0,90%"
"03.12.2015","67,5188","67,4841","68,1667","67,4810","0,05%"
"02.12.2015","67,4841","66,6126","67,4841","66,6067","1,31%"
"01.12.2015","66,6126","66,4888","66,8737","66,0833","0,19%"
"30.11.2015","66,4888","66,4697","66,8801","65,8683","0,03%"
"27.11.2015","66,4697","65,8419","66,4786","65,8419","0,95%"
"26.11.2015","65,8419","65,5334","65,9848","65,5269","0,47%"
"25.11.2015","65,5334","65,4144","66,0605","65,3097","0,18%"
"24.11.2015","65,4144","65,8628","66,4294","65,2108","-0,68%"
"23.11.2015","65,8628","64,7672","66,2206","64,7672","1,69%"
"20.11.2015","64,7672","64,6114","65,0297","64,3398","0,24%"
"19.11.2015","64,6114","64,7599","65,1386","64,3897","-0,23%"
"18.11.2015","64,7599","65,1463","65,4923","64,5605","-0,59%"
"17.11.2015","65,1463","65,2988","65,7457","64,6339","-0,23%"
"16.11.2015","65,2988","66,7624","66,7624","65,2235","-2,19%"
"13.11.2015","66,7624","66,6271","66,9866","66,3384","0,20%"
"12.11.2015","66,6271","65,4366","66,6466","65,3014","1,82%"
"11.11.2015","65,4366","64,5810","65,4844","64,3881","1,32%"
"10.11.2015","64,5810","64,5941","64,7355","64,1047","-0,02%"
"09.11.2015","64,5941","64,5929","64,8587","64,1859","0,00%"
"06.11.2015","64,5929","63,4329","64,8049","63,4316","1,83%"
"05.11.2015","63,4329","62,5868","63,5660","62,5868","0,37%"
"04.11.2015","63,2010","62,5350","63,3490","62,0400","0,98%"
"03.11.2015","62,5868","63,6481","64,0741","62,3561","-1,67%"
"02.11.2015","63,6481","63,9454","64,3969","63,6097","-0,46%"
"30.10.2015","63,9454","64,4008","64,6454","63,4880","-0,71%"
"29.10.2015","64,4008","63,9391","64,6772","63,7469","0,72%"
"28.10.2015","63,9391","64,9247","65,4832","63,3944","-1,52%"
"27.10.2015","64,9247","63,0122","65,1379","63,0122","3,04%"
"26.10.2015","63,0122","62,3638","63,0250","62,1252","1,04%"
"23.10.2015","62,3638","62,5961","62,5961","61,6790","-0,37%"
"22.10.2015","62,5961","63,0471","63,0471","62,3963","-0,72%"
"21.10.2015","63,0471","62,1100","63,1366","62,1100","1,51%"
"20.10.2015","62,1100","62,2839","62,3609","61,6853","-0,28%"
"19.10.2015","62,2839","61,2708","62,4180","61,2041","1,65%"
"16.10.2015","61,2708","61,3889","62,0962","61,1354","-0,19%"
"15.10.2015","61,3889","62,6939","62,6939","61,3889","-2,08%"
"14.10.2015","62,6939","63,0786","63,2790","62,5463","-0,61%"
"13.10.2015","63,0786","62,2730","63,1833","62,0512","1,29%"
"12.10.2015","62,2730","61,8110","62,5273","60,9255","0,75%"
"09.10.2015","61,8110","61,3690","61,8165","60,8451","0,72%"
"08.10.2015","61,3690","62,6657","62,6713","61,3145","-2,07%"
"07.10.2015","62,6657","63,3639","63,3639","61,8904","-1,10%"
"06.10.2015","63,3639","64,7771","65,2542","63,3639","-2,18%"
"05.10.2015","64,7771","66,0066","66,0066","64,5550","-1,86%"
"02.10.2015","66,0066","65,6968","66,6476","65,6535","0,47%"
"01.10.2015","65,6968","65,4532","65,8045","64,8280","0,37%"
"30.09.2015","65,4532","65,7278","65,9895","65,2533","-0,42%"
"29.09.2015","65,7278","66,0784","66,3158","65,4347","-0,53%"
"28.09.2015","66,0784","65,5164","66,1702","65,3652","0,86%"
"25.09.2015","65,5164","66,0912","66,0912","65,4010","-0,87%"
"24.09.2015","66,0912","66,4069","66,7636","66,0418","-0,48%"
"23.09.2015","66,4069","66,0189","66,4988","65,5043","0,59%"
"22.09.2015","66,0189","66,0149","66,7213","66,0002","0,01%"
"21.09.2015","66,0149","66,5011","66,5011","65,6858","-0,73%"
"18.09.2015","66,5011","65,4154","66,6100","65,3367","1,66%"
"17.09.2015","65,4154","65,3293","66,2119","64,9179","0,13%"
"16.09.2015","65,3293","66,7050","66,7050","64,9341","-2,06%"
"15.09.2015","66,7050","67,4673","67,6323","66,5468","-1,13%"
"14.09.2015","67,4673","67,9536","68,0710","67,1828","-0,72%"
"11.09.2015","67,9536","67,7313","68,2592","67,5586","0,33%"
"10.09.2015","67,7313","68,4810","68,8570","67,4669","-1,09%"
"09.09.2015","68,4810","67,9836","68,5568","67,3712","0,73%"
"08.09.2015","67,9836","69,0980","69,0980","67,7114","-1,61%"
"07.09.2015","69,0980","68,5238","69,2889","68,1690","0,90%"
"04.09.2015","68,4838","67,1930","68,5237","67,1248","1,92%"
"03.09.2015","67,1930","67,0242","67,5788","66,1850","0,25%"
"02.09.2015","67,0242","66,7987","67,8970","66,3316","0,34%"
"01.09.2015","66,7987","64,2768","66,7998","64,2768","3,92%"
"31.08.2015","64,2768","65,4230","67,3542","63,7190","-1,75%"
"28.08.2015","65,4230","66,0333","67,3563","64,8438","-0,92%"
"27.08.2015","66,0333","68,9066","68,9066","65,7936","-4,17%"
"26.08.2015","68,9066","69,0514","69,9215","68,5516","-0,21%"
"25.08.2015","69,0514","70,8892","70,9434","68,1630","-2,59%"
"24.08.2015","70,8892","69,1330","71,6014","69,1330","2,54%"
"21.08.2015","69,1330","67,9297","69,2692","67,8890","1,77%"
"20.08.2015","67,9297","66,6027","68,0282","66,6027","1,99%"
"19.08.2015","66,6027","65,8717","66,6050","65,5213","1,11%"
"18.08.2015","65,8717","65,5000","65,9345","65,5000","0,57%"
"17.08.2015","65,5000","64,9938","65,7277","64,9938","0,78%"
"14.08.2015","64,9938","64,6977","65,0320","64,4253","0,46%"
"13.08.2015","64,6977","64,2518","65,0143","63,7682","0,69%"
"12.08.2015","64,2518","64,2719","65,2211","64,0837","-0,03%"
"11.08.2015","64,2719","62,8730","64,5091","62,8730","2,22%"
"10.08.2015","62,8730","64,0370","64,6420","62,7130","-1,82%"
"07.08.2015","64,0370","64,0149","64,6894","63,4633","0,03%"
"06.08.2015","64,0149","63,4619","64,5489","63,3631","0,87%"
"05.08.2015","63,4619","63,0518","63,7956","62,5759","0,65%"
"04.08.2015","63,0518","63,5263","63,5263","62,4698","-0,75%"
"03.08.2015","63,5263","61,7417","63,5923","61,7417","2,89%"
"31.07.2015","61,7417","59,7270","61,7507","59,7270","3,37%"
"30.07.2015","59,7270","58,6778","59,8859","58,6778","1,79%"
"29.07.2015","58,6778","60,0155","60,0307","58,5752","-2,23%"
"28.07.2015","60,0155","59,6501","60,7966","59,6501","0,61%"
"27.07.2015","59,6501","58,4299","59,7979","58,3974","2,09%"
"24.07.2015","58,4299","57,8501","58,7070","57,8501","1,00%"
"23.07.2015","57,8501","57,4359","57,9746","57,2864","0,72%"
"22.07.2015","57,4359","56,9346","57,4977","56,9257","0,88%"
"21.07.2015","56,9346","56,9939","57,0879","56,7586","-0,10%"
"20.07.2015","56,9939","56,9669","57,0569","56,7288","0,05%"
"17.07.2015","56,9669","56,9496","57,1005","56,7303","0,03%"
"16.07.2015","56,9496","56,9520","57,0415","56,5042","-0,00%"
"15.07.2015","56,9520","56,4068","56,9550","56,4068","0,97%"
"14.07.2015","56,4068","56,5410","57,0470","56,4001","-0,24%"
"13.07.2015","56,5410","56,3876","56,8354","56,3533","0,27%"
"10.07.2015","56,3876","57,1921","57,1921","56,2059","-1,41%"
"09.07.2015","57,1921","57,4966","57,4966","56,5614","-0,53%"
"08.07.2015","57,4966","56,7309","57,6143","56,7309","1,35%"
"07.07.2015","56,7309","56,8816","57,6765","56,4615","-0,26%"
"06.07.2015","56,8816","55,9773","56,9047","55,9773","1,62%"
"03.07.2015","55,9773","55,5334","55,9892","55,4387","0,80%"
"02.07.2015","55,5334","55,8397","55,9024","55,3260","-0,55%"
"01.07.2015","55,8397","55,2806","55,8450","55,2704","1,01%"
"30.06.2015","55,2806","55,7448","55,9614","54,9901","-0,83%"
"29.06.2015","55,7448","54,8060","55,7520","54,8060","1,71%"
"26.06.2015","54,8060","54,7160","55,3008","54,7072","0,16%"
"25.06.2015","54,7160","54,4662","54,9051","54,4662","0,46%"
"24.06.2015","54,4662","53,8511","54,6834","53,6866","1,14%"
"23.06.2015","53,8511","53,9301","54,6540","53,7952","-0,15%"
"22.06.2015","53,9301","54,0064","54,0840","53,3797","-0,14%"
"19.06.2015","54,0064","53,4641","54,5398","53,4318","1,01%"
"18.06.2015","53,4641","53,6084","53,8667","53,0322","-0,27%"
"17.06.2015","53,6084","53,7588","54,3192","53,5685","-0,28%"
"16.06.2015","53,7588","54,5077","54,5077","53,5060","-1,37%"
"15.06.2015","54,5077","54,7913","55,5472","54,3634","-1,24%"
"12.06.2015","55,1910","55,0960","55,4210","55,0000","0,73%"
"11.06.2015","54,7913","54,3462","54,9117","54,2326","0,82%"
"10.06.2015","54,3462","55,5456","55,5456","53,8349","-2,16%"
"09.06.2015","55,5456","55,9969","56,0968","55,5450","-0,81%"
"08.06.2015","55,9969","56,2446","56,3661","55,6561","-0,44%"
"05.06.2015","56,2446","56,4487","56,2446","56,2446","-0,36%"
"04.06.2015","56,4487","54,2938","56,4487","56,4487","3,97%"
"03.06.2015","54,2938","52,8647","54,2938","54,2938","2,70%"
"02.06.2015","52,8647","52,8069","52,8647","52,8647","-1,41%"
"01.06.2015","53,6187","52,3212","53,6187","53,6187","2,48%"
"29.05.2015","52,3212","52,5899","52,3212","52,3212","-0,51%"
"28.05.2015","52,5899","51,9873","52,5899","52,5899","1,16%"
"27.05.2015","51,9873","50,9499","51,9873","51,9873","2,04%"
"26.05.2015","50,9499","49,9733","50,9499","50,9499","1,95%"
"25.05.2015","49,9733","49,9817","49,9733","49,9733","-0,02%"
"22.05.2015","49,9817","49,9847","49,9817","49,9817","-0,01%"
"21.05.2015","49,9847","49,7284","49,9847","49,9847","0,52%"
"20.05.2015","49,7284","49,5371","49,7284","49,7284","0,39%"
"19.05.2015","49,5371","49,0687","49,5371","49,5371","0,95%"
"18.05.2015","49,0687","49,5628","49,0687","49,0687","-1,00%"
"15.05.2015","49,5628","50,1220","49,5628","49,5628","-1,12%"
"14.05.2015","50,1220","49,2576","50,1220","50,1220","1,75%"
"13.05.2015","49,2576","49,9501","49,2576","49,2576","-1,39%"
"12.05.2015","49,9501","51,0377","49,9501","49,9501","-2,53%"
"11.05.2015","51,2460","50,4140","51,7860","50,4140","0,41%"
"08.05.2015","51,0377","50,3321","51,0377","51,0377","1,40%"
"07.05.2015","50,3321","51,0011","50,3321","50,3321","-1,31%"
"06.05.2015","51,0011","50,4491","51,0011","51,0011","1,09%"
"05.05.2015","50,4491","51,6513","52,1965","50,3630","-3,19%"
"04.05.2015","52,1110","51,7330","52,3310","51,1200","0,61%"
"01.05.2015","51,7960","51,6930","51,9660","51,1700","0,28%"
"30.04.2015","51,6513","51,0402","52,1235","50,9271","1,20%"
"29.04.2015","51,0402","51,5342","51,9179","50,7274","-0,96%"
"28.04.2015","51,5342","51,9876","52,4979","51,0998","-0,87%"
"27.04.2015","51,9876","50,9084","52,0550","50,8055","2,12%"
"24.04.2015","50,9084","50,7827","51,4853","50,0765","0,25%"
"23.04.2015","50,7827","52,2144","52,3030","50,6895","-2,74%"
"22.04.2015","52,2144","53,7634","53,8020","52,1315","-2,88%"
"21.04.2015","53,7634","53,3222","54,1007","53,1500","0,83%"
"20.04.2015","53,3222","51,8821","53,7842","51,3316","2,78%"
"17.04.2015","51,8821","49,7995","52,7254","49,7995","4,18%"
"16.04.2015","49,7995","49,7024","50,2656","49,4550","0,20%"
"15.04.2015","49,7024","50,8833","50,8833","49,5644","-2,32%"
"14.04.2015","50,8833","52,0423","52,2273","50,6715","-2,23%"
"13.04.2015","52,0423","53,6162","53,6162","51,8497","-2,94%"
"10.04.2015","53,6162","51,8875","53,6513","50,3636","3,33%"
"09.04.2015","51,8875","53,6005","53,6005","51,8310","-3,20%"
"08.04.2015","53,6005","55,0283","55,0283","53,4278","-2,59%"
"07.04.2015","55,0283","55,4838","55,7665","54,7807","-0,82%"
"06.04.2015","55,4838","56,6100","56,6407","55,1627","-1,99%"
"03.04.2015","56,6100","56,6453","57,1493","56,2581","-0,06%"
"02.04.2015","56,6453","57,6204","57,6204","56,1990","-1,69%"
"01.04.2015","57,6204","58,1993","58,4863","57,4029","-0,99%"
"31.03.2015","58,1993","57,5936","58,2467","57,3959","1,05%"
"30.03.2015","57,5936","57,8960","58,6643","57,5022","-0,52%"
"27.03.2015","57,8960","57,2957","57,9738","57,1768","1,05%"
"26.03.2015","57,2957","57,3978","57,6735","56,2019","-0,18%"
"25.03.2015","57,3978","57,7006","57,9967","56,6363","-0,52%"
"24.03.2015","57,7006","58,7450","58,9867","57,5097","-1,78%"
"23.03.2015","58,7450","59,2727","59,8667","58,6188","-0,89%"
"20.03.2015","59,2727","59,9972","60,6181","59,0145","-1,21%"
"19.03.2015","59,9972","59,3145","60,2053","59,3145","1,15%"
"18.03.2015","59,3145","61,4528","61,5104","59,0806","-3,48%"
"17.03.2015","61,4528","62,1895","62,1895","61,3883","-1,18%"
"16.03.2015","62,1895","62,2160","62,7396","61,9027","-0,04%"
"13.03.2015","62,2160","61,2711","62,3654","60,6565","1,54%"
"12.03.2015","61,2711","61,6381","61,6381","60,3347","-0,60%"
"11.03.2015","61,6381","62,5248","63,0344","61,4095","-1,42%"
"10.03.2015","62,5248","60,4303","62,7215","60,1603","2,86%"
"09.03.2015","60,7890","60,3830","61,0850","60,0000","0,59%"
"06.03.2015","60,4303","60,8328","60,8328","59,3106","-0,66%"
"05.03.2015","60,8328","61,9741","62,0100","60,5844","-1,84%"
"04.03.2015","61,9741","61,9255","62,3198","61,6057","0,08%"
"03.03.2015","61,9255","62,6193","62,6193","61,7094","-1,11%"
"02.03.2015","62,6193","61,6207","62,7256","61,6207","1,62%"
"27.02.2015","61,6207","61,1606","62,0829","60,9090","0,75%"
"26.02.2015","61,1606","61,3583","61,3674","59,8819","-0,32%"
"25.02.2015","61,3583","62,8549","62,8549","61,2991","-2,38%"
"24.02.2015","62,8549","62,0120","63,8636","62,0120","-1,48%"
"23.02.2015","63,8000","62,1500","64,6000","61,5000","2,88%"
"20.02.2015","62,0120","61,9023","62,2757","61,5138","0,18%"
"19.02.2015","61,9023","61,5669","62,5444","61,5669","0,54%"
"18.02.2015","61,5669","62,5819","62,7077","61,1774","-1,62%"
"17.02.2015","62,5819","63,1931","63,3435","62,1787","-0,97%"
"16.02.2015","63,1931","63,5449","63,5872","62,1570","-0,55%"
"13.02.2015","63,5449","65,1725","65,5588","63,0060","-2,50%"
"12.02.2015","65,1725","65,3146","67,4265","64,6526","-0,22%"
"11.02.2015","65,3146","65,4528","66,8344","65,0550","-0,21%"
"10.02.2015","65,4528","65,7958","66,9500","65,1306","-0,52%"
"09.02.2015","65,7958","66,9112","66,9112","65,2484","-1,67%"
"06.02.2015","66,9112","66,4901","67,5707","65,6000","0,63%"
"05.02.2015","66,4901","68,0081","68,9615","65,9983","-2,23%"
"04.02.2015","68,0081","65,1916","68,5546","64,6043","4,32%"
"03.02.2015","65,1916","68,3189","68,3189","64,8759","-4,58%"
"02.02.2015","68,3189","68,8629","70,4525","68,2622","-0,79%"
"30.01.2015","68,8629","68,7572","71,7575","68,5154","0,15%"
"29.01.2015","68,7572","68,0284","69,4098","68,0284","1,07%"
"28.01.2015","68,0284","66,8431","68,0345","66,8000","1,77%"
"27.01.2015","66,8431","68,5074","68,5074","66,4000","-2,43%"
"26.01.2015","68,5074","64,2388","69,2935","64,2388","6,64%"
"23.01.2015","64,2388","64,1307","64,7014","62,9579","0,17%"
"22.01.2015","64,1307","65,3002","65,5840","64,1307","-1,79%"
"21.01.2015","65,3002","65,1776","66,0561","65,0124","0,19%"
"20.01.2015","65,1776","65,0073","65,6913","64,8642","0,26%"
"19.01.2015","65,0073","65,1220","65,3547","64,1497","-0,18%"
"16.01.2015","65,1220","65,2315","65,4875","64,7505","-0,17%"
"15.01.2015","65,2315","64,7915","66,0445","63,6801","0,68%"
"14.01.2015","64,7915","65,2646","66,6605","64,7915","-0,72%"
"13.01.2015","65,2646","63,1624","66,4499","63,1624","3,33%"
"12.01.2015","63,1624","61,4457","63,4476","61,4457","2,79%"
"09.01.2015","61,4457","60,3831","62,1110","59,7894","1,76%"
"08.01.2015","60,3831","63,0892","63,0892","59,6345","-4,00%"
"07.01.2015","62,9000","63,7300","64,1450","62,0550","-0,30%"
"06.01.2015","63,0892","60,8074","64,0949","60,5253","3,75%"
"05.01.2015","60,8074","55,9077","61,1490","55,9077","3,50%"
"02.01.2015","58,7500","58,0460","61,2400","57,9950","1,21%"
"01.01.2015","58,0480","58,0470","58,0480","58,0470","0,00%"
"31.12.2014","58,0480","55,2900","60,5610","55,2900","3,83%"
"30.12.2014","55,9077","58,3217","59,2995","55,0002","-4,14%"
"29.12.2014","58,3217","53,9500","58,9545","53,9500","8,10%"
"26.12.2014","53,9500","52,5179","54,6793","51,7004","2,73%"
"25.12.2014","52,5179","53,5000","53,6500","51,9015","-1,84%"
"24.12.2014","53,5000","54,5611","55,2295","53,4105","-1,94%"
"23.12.2014","54,5611","55,8605","56,2707","53,0991","-2,33%"
"22.12.2014","55,8605","58,6014","58,6014","54,1116","-4,68%"
"19.12.2014","58,6014","61,5000","62,8990","58,5100","-4,71%"
"18.12.2014","61,5000","60,5720","63,7981","58,2000","1,53%"
"17.12.2014","60,5720","67,5062","72,4460","59,6215","-10,27%"
"16.12.2014","67,5062","64,4455","80,0000","58,4095","4,75%"
"15.12.2014","64,4455","58,1819","64,4455","57,7510","10,77%"
"12.12.2014","58,1819","56,3955","58,5260","56,3911","3,17%"
"11.12.2014","56,3955","54,8523","56,6495","54,6167","2,81%"
"10.12.2014","54,8523","54,0559","54,8700","54,0559","1,47%"
"09.12.2014","54,0559","53,7432","54,3484","53,7432","0,58%"
"08.12.2014","53,7432","52,5101","53,9015","52,5101","2,35%"
"05.12.2014","52,5101","54,3528","54,3528","52,5100","-3,39%"
"04.12.2014","54,3528","53,1568","54,5000","52,0975","2,25%"
"03.12.2014","53,1568","53,8500","54,8436","52,6499","-1,29%"
"02.12.2014","53,8500","51,1852","54,3982","50,5176","5,21%"
"01.12.2014","51,1852","50,4085","53,8055","50,4085","1,54%"
"28.11.2014","50,4085","48,6550","50,4085","48,6550","3,60%"
"27.11.2014","48,6550","47,3808","48,6550","46,7852","2,69%"
"26.11.2014","47,3808","46,2630","47,3808","46,2324","2,42%"
"25.11.2014","46,2630","44,9978","46,2630","44,7126","2,81%"
"24.11.2014","44,9978","45,7308","45,7308","44,3625","-1,60%"
"21.11.2014","45,7308","46,1520","46,1520","45,3279","-0,91%"
"20.11.2014","46,1520","46,8610","46,8610","46,1250","-1,51%"
"19.11.2014","46,8610","46,9025","47,1041","46,6500","-0,09%"
"18.11.2014","46,9025","47,1186","47,1983","46,5914","-0,46%"
"17.11.2014","47,1186","47,1960","47,4659","47,1006","-0,16%"
"14.11.2014","47,1960","46,8000","47,8082","46,8000","0,85%"
"13.11.2014","46,8000","45,9300","46,8000","45,8365","1,89%"
"12.11.2014","45,9300","46,3543","46,4937","45,5442","-0,92%"
"11.11.2014","46,3543","45,8525","46,9500","45,7181","1,09%"
"10.11.2014","45,8525","46,6500","46,6500","44,9600","-1,71%"
"07.11.2014","46,6500","46,8675","48,5906","45,8000","-0,46%"
"06.11.2014","46,8675","44,9418","46,8675","44,8680","4,28%"
"05.11.2014","44,9418","43,6080","44,9987","43,6080","3,10%"
"04.11.2014","43,5900","43,5700","43,8050","43,5480","-0,04%"
"03.11.2014","43,6080","43,0340","43,6080","43,0340","1,33%"
"31.10.2014","43,0340","41,6445","43,1194","41,6010","3,34%"
"30.10.2014","41,6445","42,8065","43,6382","41,1998","-2,71%"
"29.10.2014","42,8065","42,4793","42,9025","42,4793","0,77%"
"28.10.2014","42,4793","42,2980","42,5915","42,2980","0,43%"
"27.10.2014","42,2980","41,9405","42,2980","41,8912","0,85%"
"24.10.2014","41,9405","41,7328","42,0021","41,7328","0,50%"
"23.10.2014","41,7328","41,3246","41,7905","41,3246","0,99%"
"22.10.2014","41,3246","40,9400","41,3301","40,8829","0,94%"
"21.10.2014","40,9400","41,0501","41,0843","40,9133","-0,27%"
"20.10.2014","41,0501","40,6523","41,0795","40,6523","0,98%"
"17.10.2014","40,6523","40,9272","41,1421","40,5702","-0,67%"
"16.10.2014","40,9272","40,6858","41,1393","40,6596","0,59%"
"15.10.2014","40,6858","40,8534","41,0405","40,5293","-0,41%"
"14.10.2014","40,8534","40,4900","40,8710","40,4900","0,90%"
"13.10.2014","40,4900","40,3760","40,4934","40,2251","0,28%"
"10.10.2014","40,3760","40,0860","40,4598","40,0860","0,72%"
"09.10.2014","40,0860","40,1300","40,1300","39,8034","-0,11%"
"08.10.2014","40,1300","39,9402","40,1443","39,9402","0,48%"
"07.10.2014","39,9402","39,8587","39,9775","39,6843","0,20%"
"06.10.2014","39,8587","39,9386","40,0487","39,7775","-0,20%"
"03.10.2014","39,9386","39,6540","39,9450","39,6438","0,72%"
"02.10.2014","39,6540","39,6600","39,6600","39,4618","-0,02%"
"01.10.2014","39,6600","39,5727","39,7188","39,3822","0,22%"
"30.09.2014","39,5727","39,4757","39,7205","39,3049","0,25%"
"29.09.2014","39,4757","39,1123","39,5862","39,1123","0,93%"
"26.09.2014","39,1123","38,4810","39,1452","38,4810","1,64%"
"25.09.2014","38,4810","38,1891","38,5354","38,1720","0,76%"
"24.09.2014","38,1891","38,5967","38,5967","38,1442","-1,06%"
"23.09.2014","38,5967","38,6700","38,7442","38,4959","-0,19%"
"22.09.2014","38,6700","38,5396","38,6979","38,3657","0,34%"
"19.09.2014","38,5396","38,4011","38,5396","38,3542","0,36%"
"18.09.2014","38,4011","38,3890","38,5731","38,3140","0,03%"
"17.09.2014","38,3890","38,7223","38,7223","38,2419","-0,86%"
"16.09.2014","38,7223","38,3685","38,8400","38,3685","0,92%"
"15.09.2014","38,3685","37,8805","38,3685","37,8805","1,29%"
"12.09.2014","37,8805","37,5198","37,9602","37,5198","0,96%"
"11.09.2014","37,5198","37,3291","37,6131","37,3044","0,51%"
"10.09.2014","37,3291","37,0685","37,4261","37,0685","0,70%"
"09.09.2014","37,0685","37,0563","37,1776","36,9729","0,03%"
"08.09.2014","37,0563","37,0735","37,1479","37,0504","-0,05%"
"05.09.2014","37,0735","36,9761","37,0735","36,6779","0,26%"
"04.09.2014","36,9761","36,8388","37,0815","36,6990","0,37%"
"03.09.2014","36,8388","37,4305","37,4305","36,6736","-1,58%"
"02.09.2014","37,4305","37,2511","37,4878","37,2511","0,48%"
"01.09.2014","37,2511","37,0749","37,5068","37,0749","0,48%"
"29.08.2014","37,0749","36,7800","37,0825","36,7800","0,80%"
"28.08.2014","36,7800","36,1866","36,8902","36,1866","1,64%"
"27.08.2014","36,1866","36,0980","36,1866","36,0028","0,25%"
"26.08.2014","36,0980","36,1644","36,1724","36,0627","-0,18%"
"25.08.2014","36,1644","36,1610","36,2116","36,0975","0,01%"
"22.08.2014","36,1610","36,1000","36,3563","35,9482","0,17%"
"21.08.2014","36,1000","36,2520","36,3694","36,0761","-0,42%"
"20.08.2014","36,2520","36,1915","36,3260","36,1915","0,17%"
"19.08.2014","36,1915","36,0930","36,2100","36,0562","0,27%"
"18.08.2014","36,0930","36,1783","36,1783","35,9650","-0,24%"
"15.08.2014","36,1783","36,0178","36,2370","35,8960","0,45%"
"14.08.2014","36,0178","36,0550","36,0862","35,8311","-0,10%"
"13.08.2014","36,0550","36,1317","36,2855","36,0287","-0,21%"
"12.08.2014","36,1317","35,9946","36,1655","35,9946","0,38%"
"11.08.2014","35,9946","36,2593","36,2593","35,9259","-0,73%"
"08.08.2014","36,2593","36,2857","36,5395","36,1982","-0,07%"
"07.08.2014","36,2857","36,1858","36,4055","36,1858","0,28%"
"06.08.2014","36,1858","35,9200","36,2815","35,9200","0,74%"
"05.08.2014","35,9200","35,8285","35,9655","35,7559","0,26%"
"04.08.2014","35,8285","35,7482","35,8454","35,6201","0,22%"
"01.08.2014","35,7482","35,7590","35,8350","35,6800","0,18%"
"31.07.2014","35,6848","35,6146","35,6848","35,4122","0,20%"
"30.07.2014","35,6146","35,7066","35,9046","35,5010","-0,26%"
"29.07.2014","35,7066","35,5250","35,7425","35,5250","0,51%"
"28.07.2014","35,5250","35,0950","35,5543","35,0950","1,23%"
"25.07.2014","35,0950","35,0793","35,1389","35,0163","0,16%"
"24.07.2014","35,0375","34,8408","35,1464","34,8408","0,56%"
"23.07.2014","34,8408","34,8947","34,9005","34,7619","-0,35%"
"22.07.2014","34,9649","35,2003","35,2003","34,8592","-0,67%"
"21.07.2014","35,2003","35,1145","35,2174","35,0318","0,24%"
"18.07.2014","35,1145","35,2484","35,2490","34,9778","0,51%"
"17.07.2014","34,9347","34,4206","35,0197","34,4206","1,49%"
"16.07.2014","34,4206","34,4138","34,4422","34,3321","0,13%"
"15.07.2014","34,3770","34,3865","34,4019","34,2846","0,20%"
"14.07.2014","34,3078","34,1629","34,3591","34,1629","0,42%"
"11.07.2014","34,1629","34,0356","34,2020","34,0037","0,44%"
"10.07.2014","34,0128","33,8624","34,1664","33,7906","0,16%"
"09.07.2014","33,9600","34,2355","34,2355","33,9600","-0,88%"
"08.07.2014","34,2610","34,4869","34,5151","34,1983","-0,51%"
"07.07.2014","34,4355","34,4770","34,6224","34,4000","0,11%"
"04.07.2014","34,3990","34,2860","34,5060","34,2100","0,31%"
"03.07.2014","34,2910","34,2480","34,4110","34,1300","0,05%"
"02.07.2014","34,2750","34,3560","34,3830","34,1480","-0,24%"
"01.07.2014","34,3580","33,9780","34,3670","33,9750","1,09%"
"30.06.2014","33,9880","33,7300","34,0660","33,7070","0,70%"
"27.06.2014","33,7530","33,7120","33,7620","33,5400","0,11%"
"26.06.2014","33,7170","33,7980","33,8100","33,6370","-0,13%"
"25.06.2014","33,7600","33,7950","33,9580","33,6380","-0,17%"
"24.06.2014","33,8180","34,0980","34,1330","33,6300","-0,81%"
"23.06.2014","34,0930","34,4260","34,4570","34,0700","-1,06%"
"20.06.2014","34,4580","34,3770","34,5370","34,3150","0,21%"
"19.06.2014","34,3850","34,3850","34,4550","34,1500","0,01%"
"18.06.2014","34,3820","34,8180","34,8710","34,3650","-1,29%"
"17.06.2014","34,8330","34,6080","34,8740","34,6080","0,60%"
"16.06.2014","34,6250","34,4200","34,6820","34,3860","0,70%"
"13.06.2014","34,3850","34,3800","34,4910","34,3200","0,07%"
"12.06.2014","34,3600","34,3850","34,4220","34,2620","-0,11%"
"11.06.2014","34,3980","34,3220","34,4490","34,2770","0,08%"
"10.06.2014","34,3690","34,3520","34,4100","34,2490","0,01%"
"09.06.2014","34,3670","34,4320","34,4890","34,2450","-0,23%"
"06.06.2014","34,4470","34,6820","34,7630","34,3800","-0,72%"
"05.06.2014","34,6970","34,9450","35,0230","34,6530","-0,82%"
"04.06.2014","34,9830","35,0850","35,2520","34,9580","-0,34%"
"03.06.2014","35,1020","35,0500","35,1020","34,9220","0,11%"
"02.06.2014","35,0650","34,9100","35,1200","34,8280","0,42%"
"30.05.2014","34,9200","34,6600","34,9370","34,6260","0,74%"
"29.05.2014","34,6650","34,5400","34,7120","34,5130","0,27%"
"28.05.2014","34,5730","34,4130","34,5930","34,3620","0,45%"
"27.05.2014","34,4170","34,1700","34,4680","34,1380","0,68%"
"26.05.2014","34,1850","34,1100","34,2130","34,0000","0,18%"
"23.05.2014","34,1250","34,2970","34,3680","34,0600","-0,54%"
"22.05.2014","34,3120","34,3330","34,3800","34,2120","-0,07%"
"21.05.2014","34,3370","34,5020","34,5850","34,2450","-0,50%"
"20.05.2014","34,5080","34,5850","34,7070","34,4800","-0,26%"
"19.05.2014","34,5970","34,7270","34,8400","34,4500","-0,43%"
"16.05.2014","34,7450","34,7600","34,8480","34,6640","-0,09%"
"15.05.2014","34,7750","34,6670","34,8620","34,5980","0,27%"
"14.05.2014","34,6820","34,8550","34,8550","34,5930","-0,55%"
"13.05.2014","34,8750","35,0250","35,0250","34,7550","-0,40%"
"12.05.2014","35,0150","35,2200","35,2980","34,9600","-0,62%"
"09.05.2014","35,2330","35,1120","35,3420","35,0380","0,30%"
"08.05.2014","35,1270","34,9220","35,1680","34,7350","0,54%"
"07.05.2014","34,9380","35,4560","35,5450","34,8880","-1,33%"
"06.05.2014","35,4100","35,6880","35,7180","35,3550","-0,89%"
"05.05.2014","35,7270","35,8980","35,8980","35,6730","-0,33%"
"02.05.2014","35,8470","35,6100","35,9070","35,5660","0,62%"
"01.05.2014","35,6270","35,6330","35,6680","35,5400","-0,02%"
"30.04.2014","35,6340","35,6250","35,7680","35,5870","-0,02%"
"29.04.2014","35,6400","35,8470","35,8620","35,5150","-0,59%"
"28.04.2014","35,8500","36,0050","36,1050","35,7400","-0,47%"
"25.04.2014","36,0200","35,7600","36,0850","35,7180","0,68%"
"24.04.2014","35,7750","35,7000","35,8100","35,6250","0,17%"
"23.04.2014","35,7150","35,6800","35,7390","35,5970","0,06%"
"22.04.2014","35,6950","35,6850","35,7730","35,6200","0,02%"
"21.04.2014","35,6880","35,6000","35,7450","35,5600","0,20%"
"18.04.2014","35,6150","35,4380","35,6350","35,3580","0,46%"
"17.04.2014","35,4530","36,0320","36,0410","35,4100","-1,61%"
"16.04.2014","36,0340","36,2520","36,3080","35,9300","-0,64%"
"15.04.2014","36,2670","35,9580","36,3530","35,9200","0,77%"
"14.04.2014","35,9900","35,6380","36,0390","35,6380","0,97%"
"11.04.2014","35,6450","35,5450","35,7530","35,5180","0,24%"
"10.04.2014","35,5600","35,5700","35,6100","35,4080","-0,07%"
"09.04.2014","35,5850","35,6780","35,8440","35,5250","-0,46%"
"08.04.2014","35,7500","35,6020","35,7870","35,3930","0,37%"
"07.04.2014","35,6170","35,3190","35,7690","35,2500","0,83%"
"04.04.2014","35,3240","35,5680","35,6110","35,2150","-0,73%"
"03.04.2014","35,5830","35,4430","35,6160","35,4050","0,37%"
"02.04.2014","35,4530","35,0450","35,5070","35,0280","1,14%"
"01.04.2014","35,0530","35,0320","35,1720","34,9240","0,02%"
"31.03.2014","35,0470","35,7370","35,7550","35,0320","-2,12%"
"28.03.2014","35,8070","35,6020","35,8070","35,6020","0,53%"
"27.03.2014","35,6170","35,5300","35,6590","35,4980","0,20%"
"26.03.2014","35,5450","35,4830","35,5810","35,3180","0,13%"
"25.03.2014","35,4980","36,0800","36,1280","35,4620","-1,65%"
"24.03.2014","36,0950","36,2730","36,3030","36,0300","-0,42%"
"21.03.2014","36,2480","36,3700","36,5240","36,1900","-0,40%"
"20.03.2014","36,3920","36,1600","36,4610","36,0050","0,58%"
"19.03.2014","36,1820","36,2300","36,2690","35,8730","-0,17%"
"18.03.2014","36,2450","36,2750","36,6170","36,1750","-0,12%"
"17.03.2014","36,2900","36,6380","36,7320","36,1670","-0,75%"
"14.03.2014","36,5650","36,5720","36,7080","36,5380","-0,06%"
"13.03.2014","36,5870","36,4800","36,6590","36,3950","0,29%"
"12.03.2014","36,4800","36,4400","36,5500","36,4190","0,07%"
"11.03.2014","36,4550","36,3730","36,5270","36,3000","0,18%"
"10.03.2014","36,3880","36,3730","36,4830","36,3270","0,00%"
"07.03.2014","36,3880","36,1820","36,4740","36,1780","0,72%"
"06.03.2014","36,1280","36,0300","36,3590","36,0260","0,23%"
"05.03.2014","36,0450","36,0800","36,2020","35,9050","-0,14%"
"04.03.2014","36,0950","36,5170","36,5170","35,9990","-1,20%"
"03.03.2014","36,5320","36,6410","36,6750","36,1700","1,34%"
"28.02.2014","36,0500","36,0050","36,2210","35,7910","0,08%"
"27.02.2014","36,0200","36,0250","36,2670","35,9890","-0,06%"
"26.02.2014","36,0400","35,7270","36,0580","35,6970","0,83%"
"25.02.2014","35,7420","35,5170","35,7550","35,4920","0,59%"
"24.02.2014","35,5320","35,4950","35,6350","35,3550","0,06%"
"21.02.2014","35,5100","35,7510","35,8920","35,4590","-0,69%"
"20.02.2014","35,7550","35,7580","35,9280","35,6400","-0,06%"
"19.02.2014","35,7780","35,4450","35,8780","35,4300","0,90%"
"18.02.2014","35,4600","35,2400","35,4860","35,1600","0,73%"
"17.02.2014","35,2030","35,1050","35,2970","35,0000","0,24%"
"14.02.2014","35,1200","35,0850","35,3920","34,9550","0,11%"
"13.02.2014","35,0830","34,8190","35,2700","34,7820","0,73%"
"12.02.2014","34,8290","34,7270","34,8460","34,7100","0,25%"
"11.02.2014","34,7420","34,7350","34,8900","34,6750","-0,02%"
"10.02.2014","34,7500","34,7370","34,8520","34,6730","-0,01%"
"07.02.2014","34,7520","34,7200","34,8340","34,5300","0,06%"
"06.02.2014","34,7300","34,8600","34,9110","34,5900","-0,39%"
"05.02.2014","34,8650","35,0100","35,0960","34,6280","-0,45%"
"04.02.2014","35,0230","35,4400","35,5650","34,9500","-1,22%"
"03.02.2014","35,4550","35,1550","35,4920","35,0820","0,79%"
"31.01.2014","35,1760","34,9150","35,3600","34,9150","0,70%"
"30.01.2014","34,9300","35,0810","35,4530","34,7730","-0,46%"
"29.01.2014","35,0910","34,6350","35,2950","34,4350","0,87%"
"28.01.2014","34,7880","34,6550","34,8620","34,4400","0,29%"
"27.01.2014","34,6880","34,4950","34,8630","34,4100","0,52%"
"24.01.2014","34,5100","34,1380","34,6260","34,1080","1,05%"
"23.01.2014","34,1530","33,9300","34,2060","33,9300","0,61%"
"22.01.2014","33,9450","33,9720","33,9760","33,8150","-0,09%"
"21.01.2014","33,9770","33,7580","34,0010","33,7450","0,60%"
"20.01.2014","33,7730","33,6000","33,8230","33,5600","0,47%"
"17.01.2014","33,6150","33,4060","33,6230","33,3880","0,60%"
"16.01.2014","33,4160","33,3830","33,4600","33,3350","0,05%"
"15.01.2014","33,3980","33,3030","33,4620","33,3030","0,24%"
"14.01.2014","33,3180","33,2730","33,3790","33,1970","0,09%"
"13.01.2014","33,2880","33,0320","33,3000","33,0100","0,87%"
"10.01.2014","33,0020","33,2030","33,3030","32,9870","-0,64%"
"09.01.2014","33,2130","33,1400","33,2590","33,0480","0,11%"
"08.01.2014","33,1770","33,1250","33,2150","33,0330","0,11%"
"07.01.2014","33,1400","33,1850","33,2580","33,0960","-0,21%"
"06.01.2014","33,2100","33,1780","33,2820","33,1400","0,03%"
"03.01.2014","33,2000","33,0950","33,2050","33,0160","0,30%"
"02.01.2014","33,1000","32,8400","33,1340","32,8400","0,75%"
"01.01.2014","32,8550","32,8500","32,8550","32,8400","-0,12%"